nivel,tema_curriculum,arabizi,sens_ro,gloss_en,are_engleza,id
A1,Salutări,Mar7aba,Bună! / Salut!,Hello! / Hi!,da,c7271cff8ea32
A1,Salutări,Ahlan,Salut! / Bun venit!,Hi! / Welcome!,da,c2ee99a0cf3ba
A1,Salutări,Mar7abten,Salut! (răspuns),Hi! (reply),da,cae42753882dd
A1,Salutări,Sabaa7o,Neața!,Morning!,da,ce0c8547838df
A1,Salutări,Sabaa7 el 5er (Sabaa7il 5er (the way it is read) ) ,Bună dimineața!,Good morning!,da,c9b459ed7a698
A1,Salutări,Sabaa7 el nuur  (Sabaa7en nur (the way it is read) ) ,Bună dimineața! (răspuns),Good morning! (reply),da,cddc03cded5ec
A1,Politețe & prezentare personală,Shu esmak?,Cum te cheamă? (către un băiat),What's your name? (to a boy),da,cc45be2acb040
A1,Politețe & prezentare personală,Shu esmik?,Cum te cheamă? (către o fată),What's your name? (to a girl),da,ce8f1c2f609c4
A1,Politețe & prezentare personală,Esme George,Numele meu este George.,My name is George.,da,c11c38ce92378
A1,Politețe & prezentare personală,Ana George,Eu sunt George.,I'm George.,da,c1fbe62392ec1
A1,Posesivele,Esemkon,Numele vostru,Your name (plural),da,ce980f5f1c417
A1,Pluralul & dualul,Asemiikon,Numele voastre,Your names,da,c97222b025017
A1,Pluralul & dualul,Esmen,Două nume,Two names,da,c553f86437797
A1,Pronume personale,7adertak,Dumneavoastră (către un bărbat),"You (formal, to a man)",da,cf8d73a88bd82
A1,Pronume personale,7adertik,Dumneavoastră (către o femeie),"You (formal, to a woman)",da,c00e5b4a3f14a
A1,Pronume personale,7adretkon,Dumneavoastră (către mai multe persoane),"You (formal, to several people)",da,c9a9ab3c4e6b1
A1,Pronume personale,Ana,Eu,I,da,c11774267714d
A1,Pronume personale,Enta,Tu (masculin),You (masculine),da,c6ffc7ae06a35
A1,Pronume personale,Ente,Tu (feminin),You (feminine),da,c895ebc214219
A1,Pronume personale,Huwwe,El,He,da,cf47723a21908
A1,Pronume personale,Heyye,Ea,She,da,c89917e03fd88
A1,Pronume personale,Ne7na,Noi,We,da,cbc2d4de437d3
A1,Pronume personale,Ento,Voi,You (plural),da,c7ce36902c85d
A1,Pronume personale,Henne,Ei / Ele,They,da,cf790e765f49d
A1,Prezentul verbelor (b- / 3am),Be2ra,Citesc,I read,da,c0fdc1fe518e9
A1,Animale,Ba2ra,Vacă,Cow,da,c055651339cd5
A1,Animale,Sa2er,Vultur,Eagle,da,c2bdb306df5f4
A1,Trecutul (introducere),Sa2al,El a întrebat.,He asked.,da,c1da8b21d2585
A1,Cuvinte de întrebare,Su2aal,O întrebare,A question,da,c27b6a604a122
A1,Pluralul & dualul,As2ila,Întrebări,Questions,da,cc85c7b3231d2
A1,Mâncare & băuturi,Terwii2a,Micul dejun,Breakfast,da,c2550b0ae2b4d
A1,Culori & descrieri,7elo,Frumos (masculin),Pretty / nice (masculine),da,c04be2ae64fb0
A1,Culori & descrieri,7elwe,Frumoasă,Pretty / nice (feminine),da,cbdafa671d809
A1,"Zile, luni & rutina zilnică",Subo7,O dimineață,A morning,da,c4d366e35a702
A1,Familia & oamenii,3ammo,Unchi (patern),Uncle (paternal),da,c6e28660af8f5
A1,Cuvinte de legătură & prepoziții,Ma3,Cu,With,da,c067c1914103a
A1,Mâncare & băuturi,3asha,Cină,Dinner,da,c5e6a6c4cc538
A1,Naționalități & țări,3arabe,Arabă / arab,Arabic / Arab,da,c066881e27a9a
A1,Familia & oamenii,3ayle,Familie,Family,da,cca1f72affb94
A1,Prezentul verbelor (b- / 3am),Ba3ref,Știu,I know,da,c8db3ef74f9d8
A1,Politețe & prezentare personală,3ali or can be written 3ale,Ali (nume),Ali (name),da,c0e17da45b55a
A1,Culori & descrieri,3aali or 3aale ,Înalt / ridicat,High / tall,da,cd16e834e62e0
A1,"Cumpărături, haine & prețuri",Se3er,Preț,Price,da,cdcb5cbb2764f
A1,Mâncare & băuturi,5all,Oțet,Vinegar,da,c7204c9b9f089
A1,Familia & oamenii,5aal,Unchi (matern),Uncle (maternal),da,cf111a7a07b2e
A1,Direcții & locuri în oraș,Ma5zan,Depozit,Warehouse,da,c69a0f9b829ea
A1,Culori & descrieri,A5dar,Verde (masculin),Green (masculine),da,ce679ec8909fd
A1,Mâncare & băuturi,5odra,Legume,Vegetables,da,caf2c910df476
A1,Mâncare & băuturi,5oo5,Prune,Plums,da,c5f28e9ffac21
A1,Expresii uzuale de conversație,5abar,O știre,A piece of news,da,ccdaadb27b386
A1,Expresii uzuale de conversație,Maa ma3e 5abar ,Nu știu / n-am habar.,I don't know / no idea.,da,c7a40aabd133b
A1,"Cumpărături, haine & prețuri",8aale,Scump / valoros,Expensive / precious,da,c5c2150ea36e7
A1,Casa & mobilierul,8erfe,O cameră,A room,da,c8216a5ad5709
A1,Casa & mobilierul,8ata,Capac,Lid,da,c70976e12fb49
A1,"Vremea, anotimpurile & natura",8aabe,Pădure,Forest,da,c1f5dbfbbb002
A1,Mâncare & băuturi,8ada,Prânz,Lunch,da,c2a9cfbdf6b30
A1,Familia & oamenii,Mara,O femeie,A woman,da,c1b1018a314dd
A1,"Zile, luni & rutina zilnică",Marra,O dată / odată,Once / one time,da,c2e53460fb62e
A1,"Vremea, anotimpurile & natura",Warde,Floare,Flower,da,c6847c0a9588d
A1,Transport,Sayyaara,Mașină,Car,da,c5c43b7084911
A1,Cuvinte de întrebare,Shu,Ce?,What?,da,cb0ecb4a66b43
A1,Cuvinte de întrebare,Kiif,Cum?,How?,da,c3c8e858f7c4b
A1,Cuvinte de întrebare,Aymta,Când? (întrebare),When?,da,cfc7c1195c1ef
A1,Cuvinte de întrebare,Miin,Cine?,Who?,da,cfda1ec2953a9
A1,Cuvinte de întrebare,Ween,Unde?,Where?,da,c4f8d65740f93
A1,Cuvinte de legătură & prepoziții,Men,Din / de la,From,da,cc90219eabcbe
A1,Cuvinte de întrebare,Ayya,Care?,Which?,da,c5791b1d224d3
A1,Cuvinte de întrebare,Men ween enta ? ,De unde ești? (către un băiat),Where are you from? (to a boy),da,ccbb5164d25d2
A1,Cuvinte de întrebare,Miin enta?,Cine ești? (către un băiat),Who are you? (to a boy),da,c8d46b40afade
A1,Cuvinte de întrebare,Aymta baddak?,Când vrei? (către un băiat),When do you want? (to a boy),da,ced1994b53bc6
A1,Cuvinte de întrebare,Kiif baddak?,Cum vrei? (către un băiat),How do you want it? (to a boy),da,c6f0a6fd3dc58
A1,Cuvinte de întrebare,Miin baddak?,Pe cine vrei? (către un băiat),Whom do you want? (to a boy),da,caecee0f7b837
A1,Cuvinte de întrebare,Shu baddak?,Ce vrei? (către un băiat),What do you want? (to a boy),da,cf2dda8c8dc73
A1,Cuvinte de întrebare,Ayya baddak?,Care vrei? (către un băiat),Which one do you want? (to a boy),da,c0dee93fed900
A1,Salutări,Kifak?,Cum ești? (către un băiat),How are you? (to a boy),da,cd35279e4b784
A1,Salutări,Kifik?,Cum ești? (către o fată),How are you? (to a girl),da,c9c428344e043
A1,Politețe & prezentare personală,Tsharrafna,Încântați de cunoștință!,Nice to meet you!,da,cbbe481e3fce7
A1,Expresii uzuale de conversație,Ana Kameen,Și eu / și mie,Me too,da,ca6acef07a24c
A1,Expresii uzuale de conversație,Ana bil aktar,Eu și mai mult,Me even more,da,c6414d849c5dd
A1,Expresii uzuale de conversație,Basiita,E în regulă / nu-i nimic.,It's fine / no problem.,da,cb51a7b9e7e69
A1,Politețe & prezentare personală,Afwan,Pardon / scuze,Sorry / excuse me,da,cdf01343ebbc4
A1,Politețe & prezentare personală,Shukran,Mulțumesc!,Thank you!,da,c06672f0bb8a9
A1,Politețe & prezentare personală,Yeslamo,Mulțumesc! (pentru un ajutor / efort),Thank you! (for help / effort),da,c30a069476b44
A1,Cuvinte de întrebare,Lesh,De ce?,Why?,da,cfe8b1641f9a4
A1,Cuvinte de legătură & prepoziții,Bas,Doar / dar / când / gata,Only / but / when / enough,da,c6f31c0ef4c95
A1,Cuvinte de întrebare,Kam,Cât / câți? (lucruri numărabile),How many? (countable),da,c1d861004aa11
A1,Cuvinte de întrebare,Adde or Addeesh,Cât? (cantitate / vârstă),How much? (quantity / age),da,c2f56549095f1
A1,Expresii uzuale de conversație,Heek,Așa,Like this / so,da,cabdda55de310
A1,Expresii uzuale de conversație,La2,Nu,No,da,ceb430958b87d
A1,Cuvinte de legătură & prepoziții,La,Pentru / către,For / to,da,c29d3df74c05e
A1,Familia & oamenii,Kam walad 3andak?,Câți copii ai? (către un băiat),How many children do you have? (to a boy),da,c618cda989543
A1,"Cumpărături, haine & prețuri",Kam kilo baddak?,Câte kilograme vrei? (către un băiat),How many kilos do you want? (to a boy),da,cb19c0367f5f3
A1,"Cumpărături, haine & prețuri",Addee Baddak ? ,Cât vrei? (către un băiat),How much do you want? (to a boy),da,cf837d32f54cf
A1,Politețe & prezentare personală,Addesh 3omrak?,Câți ani ai? (către un băiat),How old are you? (to a boy),da,cf78dd233713a
A1,Naționalități & țări,Ana men Rumania,Eu sunt din România.,I'm from Romania.,da,c9325a8ed2c47
A1,Cuvinte de întrebare,La shu?,Pentru ce?,What for?,da,cadcd1cde61e9
A1,Prezentul verbelor (b- / 3am),Shu 3am ta3mel?,Ce faci acum? (către un băiat),What are you doing now? (to a boy),da,c7d335163f3e7
A1,Prezentul verbelor (b- / 3am),Shu 3am ta3mle?,Ce faci acum? (către o fată),What are you doing now? (to a girl),da,cd133b98b2ecd
A1,Expresii uzuale de conversație,Shu fi ma fi?,Ce mai faci? / Ce se mai întâmplă?,What's up? / What's going on?,da,cc96494fb2dec
A1,Salutări,Shu a5baarak?,Ce noutăți ai? (către un băiat),What's new with you? (to a boy),da,cf1ccf1b1a94c
A1,"Cumpărături, haine & prețuri",Badde banadoura,Vreau roșii.,I want tomatoes.,da,c91d8c8f8c9b3
A1,Stări & sentimente,Za3leen,Supărat (masculin),Upset (masculine),da,cbdf1667349eb
A1,Stări & sentimente,Za3leene,Supărată,Upset (feminine),da,c05a1e3f3261e
A1,Stări & sentimente,7aziin,Trist (masculin),Sad (masculine),da,c25cc4e5d4331
A1,Stări & sentimente,MabsuuT,Fericit (masculin),Happy (masculine),da,c3eece3267c4a
A1,Stări & sentimente,MabsuuTa,Fericită,Happy (feminine),da,c36df17284ba5
A1,Stări & sentimente,Ta3been,Obosit (masculin),Tired (masculine),da,ccb8bb4a0e1a2
A1,Stări & sentimente,Ta3beene,Obosită,Tired (feminine),da,cc694a916cb27
A1,Corpul & sănătatea de bază,Mariid,Bolnav (masculin),Sick (masculine),da,cb30459e47236
A1,Stări & sentimente,Ju3aan,Flămând (masculin),Hungry (masculine),da,c814a78015c21
A1,Stări & sentimente,Ju3aane or Ju3eene,Flămândă,Hungry (feminine),da,c9cc99d6389d4
A1,Stări & sentimente,3atsheen,Însetat (masculin),Thirsty (masculine),da,c04870b221ffd
A1,Stări & sentimente,3atsheene,Însetată,Thirsty (feminine),da,cdfe6508be216
A1,Salutări,Mnii7,Bine (masculin),Well / fine (masculine),da,c6658f4852d21
A1,Salutări,Mnii7a,Bine (feminin),Well / fine (feminine),da,cf2c709740800
A1,Stări & sentimente,M3assab,Nervos / enervat,Nervous / annoyed (masculine),da,c656fcbafc50b
A1,Stări & sentimente,M3assbe,Nervoasă / enervată,Nervous / annoyed (feminine),da,c317369276bf4
A1,Stări & sentimente,Reye2,Calm (masculin),Calm (masculine),da,c659366a51dc4
A1,Stări & sentimente,Rey2a,Calmă,Calm (feminine),da,ce5b25e4b8eb9
A1,Stări & sentimente,Mertee7,Relaxat / confortabil,Relaxed / comfortable (masculine),da,c8e6a782bba52
A1,Stări & sentimente,Mertee7a,Relaxată / confortabilă,Relaxed / comfortable (feminine),da,c824a8dc3a1fe
A1,Stări & sentimente,Maz3uuj,Deranjat,Bothered (masculine),da,c6c60e88366a7
A1,Stări & sentimente,Maz3uuje,Deranjată,Bothered (feminine),da,c7da2e8d03611
A1,"Zile, luni & rutina zilnică",Mbeere7,Ieri,Yesterday,da,c8f23f0303043
A1,"Zile, luni & rutina zilnică",Lioom,Azi,Today,da,c27e2818d947f
A1,"Zile, luni & rutina zilnică",Bukra,Mâine,Tomorrow,da,cc178d93d7bd8
A1,Cuvinte de legătură & prepoziții,Ktiir,Mult / foarte,A lot / very,da,ce302bcdfa9e6
A1,Culori & descrieri,Kbiir,Mare (masculin),Big (masculine),da,cf950a776bca4
A1,Posesivele,3ande,Am (în general) / la mine,I have / at my place,da,c02511bf38d1a
A1,Posesivele,Ma3e,Am la mine / cu mine,I have on me / with me,da,cac93b2e1ff73
A1,Posesivele,Ana 3andak,Eu sunt la tine. (către un băiat),I'm at your place. (to a boy),da,c8c325990a1dd
A1,Posesivele,Ana 3and George,Sunt la George acasă.,I'm at George's place.,da,cfead01f184ff
A1,Posesivele,Ma3e masaare,Am bani la mine.,I have money on me.,da,c653d5534279e
A1,"Cumpărături, haine & prețuri",Masaare,Bani,Money,da,c3329042521ec
A1,Profesii,7allee2,Frizer,Barber,da,c5f56f680322f
A1,Profesii,Coaffeer,Coafor,Hairdresser,da,c8e52e2f6c657
A1,Familia & oamenii,5aale,Mătușă (maternă),Aunt (maternal),da,cd0dd7de2a3fb
A1,Familia & oamenii,Walad,Copil,Child,da,c67d0d3b04330
A1,Corpul & sănătatea de bază,"3en, la plural 3yuun","Un Ochi, Ochi ","An eye, eyes",da,cf81cd530eac7
A1,Școala & obiecte de clasă,War2a,Hârtie,Paper,da,ca7722691469d
A1,Casa & mobilierul,Beeb,Ușă,Door,da,c81477b833dee
A1,Casa & mobilierul,Sejjeede,Covor,Carpet,da,c85d1fff2ed1c
A1,Pluralul & dualul,5aalen,Doi unchi (materni),Two uncles (maternal),da,c6c1c18e2c9c7
A1,Pluralul & dualul,5aalten,Două mătuși (materne),Two aunts (maternal),da,c537bdd5da2ed
A1,Pluralul & dualul,3aylten,Două familii,Two families,da,c338991da9563
A1,Pluralul & dualul,3aynten,Doi ochi,Two eyes,da,c2876bdbd1048
A1,Stări & sentimente,7aziine,Tristă,Sad (feminine),da,c700648c281be
A1,Culori & descrieri,Tawiil,Înalt (masculin),Tall (masculine),da,c57c0e1fce2e3
A1,Culori & descrieri,Tawiile,Înaltă,Tall (feminine),da,c1cde13f034fb
A1,Culori & descrieri,Kbiire,Mare (feminin),Big (feminine),da,cb3804386fe50
A1,Culori & descrieri,Z8iir,Mic (masculin),Small (masculine),da,c59a8a7c3ab38
A1,Culori & descrieri,Z8iire,Mică,Small (feminine),da,c4d716aab6fe4
A1,Stări & sentimente,ej-jou3,Foamea,Hunger,da,c8a0c4aeeaf59
A1,Stări & sentimente,L-3atash,Setea,Thirst,da,c3c5b207aa478
A1,Salutări,Kif 7aalak?,Cum ești? (către un bărbat),How are you? (to a man),da,c7a15c150da48
A1,Salutări,Kif 7aalik?,Cum ești? (către o femeie),How are you? (to a woman),da,c55be66a3a794
A1,Corpul & sănătatea de bază,Ana mariida,Eu sunt bolnavă.,I'm sick. (feminine),da,ceff3760412ce
A1,Salutări,Mnee7,Buni / bine (plural),Well / fine (plural),da,cd73ff8d3f8d7
A1,Stări & sentimente,Shu beek?,Ce ai? / Ce-i cu tine? (către un băiat),What's wrong? (to a boy),da,cfd1707cf8e58
A1,Stări & sentimente,Shu beke?,Ce ai? / Ce-i cu tine? (către o fată),What's wrong? (to a girl),da,c13713a97fc65
A1,Expresii uzuale de conversație,Wen seret?,Unde ai ajuns?,Where have you got to?,da,c7bf63021162f
A1,Trecutul (introducere),Sar,S-a întâmplat / a ajuns,It happened / he arrived,da,c3f03ae3e3ced
A1,Expresii uzuale de conversație,Shu saar?,Ce s-a întâmplat?,What happened?,da,cd2ecb2ecbf89
A1,Cuvinte de legătură & prepoziții,Shi,Ceva,Something,da,c66d178fa4e15
A1,Negația (ma…),Ma shi,Nimic,Nothing,da,c852b6b2f4495
A1,Cuvinte de legătură & prepoziții,Kell,Fiecare,Each / every,da,cf1ab3a0ed14e
A1,Cuvinte de legătură & prepoziții,Kell shi,Totul,Everything,da,c2b85fb230376
A1,Expresii uzuale de conversație,Meeshe,Bine / OK,Fine / OK,da,c461366a71184
A1,Expresii uzuale de conversație,Meeshe l 7al,Merge / nu mă plâng.,It's going / can't complain.,da,c25e52bee3b32
A1,Expresii uzuale de conversație,Tameem,Foarte bine / în regulă,Very good / all right,da,cd76e2918b1b0
A1,Expresii uzuale de conversație,Killo tameem?,Totul e în regulă?,Is everything OK?,da,c7810047206d2
A1,Expresii uzuale de conversație,Killo tameem,Totul e bine.,Everything's fine.,da,c1c68b250bf1a
A1,Profesii,Sho8ol sau she8el sau shi8il etc ,Treabă / muncă,Work / job,da,c6d2a0f562410
A1,"Vremea, anotimpurile & natura",Esh-shames,Soarele,The sun,da,cfba5ba3c9a1d
A1,"Vremea, anotimpurile & natura",L-2amar,Luna,The moon,da,c8e5a27b926b2
A1,Direcții & locuri în oraș,It-tarii2,Drumul,The road,da,c83c3b4755ebd
A1,Posesivele,5aale,unchiul meu,my uncle,da,c6ee406587596
A1,Posesivele,5aalak,unchiul tău (băiat),your uncle (boy),da,c731452598aa9
A1,Posesivele,5aalik,unchiul tău (fată),your uncle (girl),da,c819079d6c42b
A1,Posesivele,5aalo,unchiul lui,his uncle,da,ce8b285167e65
A1,Posesivele,5aala,unchiul ei,her uncle,da,c142f304d2800
A1,Posesivele,5aalna,unchiul nostru,our uncle,da,c232447cdbd36
A1,Posesivele,5aalkon,unchiul vostru,your uncle (plural),da,c64bc9e5d76ad
A1,Posesivele,5aalon,unchiul lor,their uncle,da,cf049ed497563
A1,Posesivele,5aalte,mătușa mea,my aunt,da,c6977791f41ff
A1,Posesivele,5aaltak,mătușa ta (băiat),your aunt (boy),da,cf6dea5677d82
A1,Posesivele,5aaltik,mătușa ta (fată),your aunt (girl),da,c9d830af100fc
A1,Posesivele,5aalto,mătușa lui,his aunt,da,c833e0f52d2a5
A1,Posesivele,5aaleta,mătușa ei,her aunt,da,c8d5ad4368626
A1,Posesivele,5aaletna,mătușa noastră,our aunt,da,c1f8f73494918
A1,Posesivele,5aaletkon,mătușa voastră,your aunt (plural),da,c1ec26e887b39
A1,Posesivele,5aaleton,mătușa lor,their aunt,da,c2f77e6be49a5
A1,Posesivele,walade,copilul meu,my child,da,c842c2668155e
A1,Posesivele,waladak,copilul tău (băiat),your child (boy),da,ccd290558f091
A1,Posesivele,waladik,copilul tău (fată),your child (girl),da,c56185c0d7932
A1,Posesivele,walado,copilul lui,his child,da,c26fe26d64167
A1,Posesivele,walada,copilul ei,her child,da,ca57c12d03dc2
A1,Posesivele,waladna,copilul nostru,our child,da,c62fb483315ef
A1,Posesivele,waladkon,copilul vostru,your child (plural),da,c187b85ec7e7b
A1,Posesivele,waladon,copilul lor,their child,da,c5ad395e30a2a
A1,Posesivele,3aylte,familia mea,my family,da,ca7cb17d7407f
A1,Posesivele,3ayltak,familia ta (băiat),your family (boy),da,cfa8ed32d90c7
A1,Posesivele,3ayltik,familia ta (fată),your family (girl),da,c5ea16fc9d8d0
A1,Posesivele,3aylto,familia lui,his family,da,c4e49c6129cf7
A1,Posesivele,3ayleta,familia ei,her family,da,c27cdff1c2f0f
A1,Posesivele,3ayletna,familia noastră,our family,da,cd3ebf11dd68f
A1,Posesivele,3ayletkon,familia voastră,your family (plural),da,c13889326c4a6
A1,Posesivele,3ayleton,familia lor,their family,da,c342be7acec1c
A1,Posesivele,3ayne,ochiul meu,my eye,da,c7fa02d17ed0a
A1,Posesivele,3aynak,ochiul tău (băiat),your eye (boy),da,ce27d6fe43fe1
A1,Posesivele,3aynik,ochiul tău (fată),your eye (girl),da,c377cfdcf9184
A1,Posesivele,3ayno,ochiul lui,his eye,da,cdeb6d99fab57
A1,Posesivele,3ayna,ochiul ei,her eye,da,c2dd160b845b8
A1,Posesivele,3aynna,ochiul nostru,our eye,da,c4f16ac08773f
A1,Posesivele,3aynkon,ochiul vostru,your eye (plural),da,c6e5e23747234
A1,Posesivele,3aynon,ochiul lor,their eye,da,ca59a50fb1c07
A1,Posesivele,ware2te,hârtia mea,my paper,da,c3306a6d7e295
A1,Posesivele,ware2tak,hârtia ta (băiat),your paper (boy),da,cf57a70ed7f7a
A1,Posesivele,ware2tik,hârtia ta (fată),your paper (girl),da,c5b35f84ab553
A1,Posesivele,ware2to,hârtia lui,his paper,da,c738b7367ae6f
A1,Posesivele,war2eta,hârtia ei,her paper,da,cbd49c46ed4b3
A1,Posesivele,war2etna,hârtia noastră,our paper,da,c4cd5323b4af2
A1,Posesivele,war2etkon,hârtia voastră,your paper (plural),da,cd426bf87d1cc
A1,Posesivele,war2eton,hârtia lor,their paper,da,ceb2f273a63fd
A1,Posesivele,Beebe,ușa mea,my door,da,c866904b1ada7
A1,Posesivele,Beebak,ușa ta (băiat),your door (boy),da,cbb7488a30317
A1,Posesivele,Beebik,ușa ta (fată),your door (girl),da,c2cedb094cfd6
A1,Posesivele,Beebo,ușa lui,his door,da,c28a4f64dd15f
A1,Posesivele,Beeba,ușa ei,her door,da,cfd68b325bbf5
A1,Posesivele,Beebna,ușa noastră,our door,da,c269b2d1090c0
A1,Posesivele,Beebkon,ușa voastră,your door (plural),da,c95bef2096537
A1,Posesivele,Beebon,ușa lor,their door,da,c5a777055fdcf
A1,Posesivele,sejjedte,covorul meu,my carpet,da,c7bb35726458b
A1,Posesivele,sejjedtak,covorul tău (băiat),your carpet (boy),da,cdcf120998ff0
A1,Posesivele,sejjedtik,covorul tău (fată),your carpet (girl),da,ccdcd8aebaf6f
A1,Posesivele,sejjedto,covorul lui,his carpet,da,c8b756f510f41
A1,Posesivele,sejjedeta,covorul ei,her carpet,da,c48b01e178be5
A1,Posesivele,sejjedetna,covorul nostru,our carpet,da,c92f1561711e6
A1,Posesivele,sejjedetkon,covorul vostru,your carpet (plural),da,c751ed8afe065
A1,Posesivele,sejjedeton,covorul lor,their carpet,da,cb0a10bfc016c
A1,Posesivele,3andak,Ai / la tine (masculin),You have / at your place (masculine),da,c83c3db01d3ae
A1,Posesivele,3andik,Ai / la tine (feminin),You have / at your place (feminine),da,c33e75f2aabf2
A1,Posesivele,3ando,Are / la el,He has / at his place,da,c0a2a62a582d3
A1,Posesivele,3anda,Are / la ea,She has / at her place,da,cb4b2607f6842
A1,Posesivele,3anna,Avem / la noi,We have / at our place,da,cc9171dc20158
A1,Posesivele,3andkon,Aveți / la voi,You have / at your place (plural),da,c6dcbdf1d5fbb
A1,Posesivele,3andon,Au / la ei ori ele,They have / at their place,da,c58a122540532
A1,Cuvinte de legătură & prepoziții,Fi,Este / există,There is / there are,da,c7b33c89382c1
A1,Posesivele,Ma3e,Cu mine / am la mine,With me / I have on me,da,cf6e43cc3acbd
A1,Posesivele,Ma3ak,Cu tine (masculin),With you (masculine),da,cde848a9f570f
A1,Posesivele,Ma3ik,Cu tine (feminin),With you (feminine),da,ca56e6d6c4e2f
A1,Posesivele,Ma3o,Cu el,With him,da,c2994fc6c1dfa
A1,Posesivele,Ma3a,Cu ea,With her,da,c9bbb63639503
A1,Posesivele,Ma3na,Cu noi,With us,da,cab6a3363d95e
A1,Posesivele,Ma3kon,Cu voi,With you (plural),da,cec9794fa9fd7
A1,Posesivele,Ma3on,Cu ei / ele,With them,da,ccb4d05e2b16d
A1,Trecutul (introducere),Ken,A fost,He was,da,ca2abb7883652
A1,Trecutul (introducere),Kenet,Eu am fost,I was,da,ca5fd54581cc6
A1,Prezentul verbelor (b- / 3am),Te7ke,Tu vorbești / să vorbești,You speak / to speak,da,caece0555c6a0
A1,Cuvinte de legătură & prepoziții,3ann,Despre,About,da,ce5eddb666ef7
A1,Cuvinte de legătură & prepoziții,3a,Pe / către,On / to,da,c5ccf289a2e07
A1,Casa & mobilierul,Bet,Casă,House,da,ca2d24c0cf87a
A1,Naționalități & țări,Lebnen,Liban,Lebanon,da,c0c321a422ced
A1,Naționalități & țări,Lebnene,Libanez,Lebanese (masculine),da,ccd2cb199a96b
A1,Naționalități & țări,Lebneniyye,Libaneză,Lebanese (feminine),da,c13acd56d6e5e
A1,"Zile, luni & rutina zilnică",Halla2,Acum,Now,da,c6c5328255fa0
A1,"Zile, luni & rutina zilnică",Ba3den,Pe urmă / mai târziu,Then / later,da,c9ee0d16e241f
A1,Cuvinte de legătură & prepoziții,illa,Fără / cu excepția,Without / except,da,c922ee21b5d38
A1,Ora,5amse illa rebe3,Cinci fără un sfert,Quarter to five,da,cde9204e041bb
A1,Cuvinte de legătură & prepoziții,Killon illa enta,Toți în afară de tine. (masculin),Everyone except you. (masculine),da,ccaea1d6b4728
A1,Negația (ma…),Ma badde eshrab ahwe halla2,Nu vreau să beau cafea acum.,I don't want to drink coffee now.,da,c9ebc73b3b6cd
A1,Trecutul (introducere),Ken badde eshrab ahwe,Voiam să beau cafea.,I wanted to drink coffee.,da,c10d3d61b6362
A1,Cuvinte de întrebare,"Shu ya3ne tawle bir romaane? (bir-romaane is fonetic, non fonetic is b il romaane) romaane can be also spelled rumaane, rumeene..etc",Ce înseamnă tawle în română?,What does tawle mean in Romanian?,da,c064b89302c5e
A1,Cuvinte de întrebare,Shu ya3ne masă bil lebneene?,Ce înseamnă masă în libaneză?,What does masă mean in Lebanese?,da,cc7f9ef41f157
A1,Casa & mobilierul,Liife,Un Burete,A sponge,da,c482961b9d0d0
A1,Casa & mobilierul,Ma8sale,o Chiuvetă,A sink,da,c6baf9a4e0a08
A1,"Cumpărături, haine & prețuri",Sheel,Un Șal / fular,A shawl / scarf,da,cd301237b66ce
A1,"Cumpărături, haine & prețuri",Bantalon,"""un"" Pantaloni",Trousers,da,ca5d2e4411412
A1,Animale,Kaleb,un Câine,A dog,da,c452b0a347ae9
A1,"Cumpărături, haine & prețuri",Short,Pantaloni scurți,Shorts,da,c8b96989edc3a
A1,Mâncare & băuturi,Sandwiché,Sandviș,Sandwich,da,caa422c97c808
A1,Școala & obiecte de clasă,Kutob sau ketob ..etc,Cărți,Books,da,ce1861345ff00
A1,"Cumpărături, haine & prețuri",3wayneet,Ochelari,Glasses,da,cd1f0eaca0de2
A1,Școala & obiecte de clasă,Saf,Clasă (sală),Classroom,da,c01e25f5efcf2
A1,Transport,Tayyaara,Avion,Airplane,da,cf15ad40fe830
A1,Școala & obiecte de clasă,Dares,Lecție,Lesson,da,cb147ed8771e6
A1,Transport,Buus,Autobuz,Bus,da,c11442d3fe59d
A1,Stări & sentimente,L-Mabsuut,fericitul,the happy one,da,ce930d4c40188
A1,Animale,Is-Sa2er,vulturul,the eagle,da,c15ace7ac4847
A1,Mâncare & băuturi,L-3asha,cina,the dinner,da,cf815ffc8d02d
A1,Stări & sentimente,Iz-Za3leen,supăratul,the upset one,da,cea5d46880672
A1,Cuvinte de întrebare,Is-Su2aal,întrebarea,the question,da,ce2818a2c2cc1
A1,Stări & sentimente,Ir-Reeye2,cel calm,the calm one,da,c4efae479981e
A1,Culori & descrieri,L7elo,cel frumos,the pretty one,da,ca6b2262e2fa6
A1,Casa & mobilierul,L-Ma8sale,chiuveta,the sink,da,cb5660e45cc83
A1,"Cumpărături, haine & prețuri",Ish-Shel,șalul,the shawl,da,c425921f9b651
A1,"Cumpărături, haine & prețuri",L-Bantalon,pantalonii,the trousers,da,c55a588b567dc
A1,Animale,L-kaleb,câinele,the dog,da,cefa327661467
A1,"Cumpărături, haine & prețuri",Ish-Short,pantalonii scurți,the shorts,da,ca06f7b2901e8
A1,Mâncare & băuturi,Is-Sandwich,sandvișul,the sandwich,da,cecaaaadef3e4
A1,Școala & obiecte de clasă,L-Kotob,cărțile,the books,da,cf926c82192c0
A1,"Cumpărături, haine & prețuri",L-3waynet,ochelarii,the glasses,da,c33b64c0002c9
A1,Școala & obiecte de clasă,Is-Saf,clasa,the classroom,da,cb475e8c9cabb
A1,"Vremea, anotimpurile & natura",L-warde,floarea,the flower,da,cb02fc5c44b33
A1,Școala & obiecte de clasă,L-war2a,hârtia,the paper,da,c71cc28f0a8f0
A1,Transport,Is-Sayyaara,mașina,the car,da,cb95cc8310871
A1,Transport,It-Tayyaara,avionul,the airplane,da,c053f62b678ad
A1,Școala & obiecte de clasă,Id-Dares,lecția,the lesson,da,c5c193a95ab43
A1,Familia & oamenii,L-Walad,copilul,the child,da,ca15836916f4f
A1,Casa & mobilierul,L-bet,casa,the house,da,c96b5a5e10601
A1,Transport,L-Buus,autobuzul,the bus,da,cb59d438662ed
A1,Familia & oamenii,L-5aal,unchiul matern,the maternal uncle,da,c56535ff1fec2
A1,Familia & oamenii,L-3ayle,familia,the family,da,c0e6dc546908f
A1,"Cumpărături, haine & prețuri",Is-Se3er,prețul,the price,da,c7c8c617f3823
A1,Posesivele,Ktebo,Cartea lui,His book,da,c0485bc10d885
A1,Posesivele,Tawelte,Masa mea,My table,da,c1a520083b929
A1,Posesivele,Sabouneta,Săpunul ei,Her soap,da,cd6de1db810cd
A1,Posesivele,Mansheftak,Prosopul tău (băiat),Your towel (boy),da,c4ef4ed3a0836
A1,Posesivele,Telefonna,Telefonul nostru,Our phone,da,c868f3c350416
A1,Posesivele,Se3etkon,Ceasul vostru,Your watch (plural),da,c8f193cdb335e
A1,Posesivele,Wardte,Floarea mea,My flower,da,c1648577c4a3f
A1,Posesivele,Wardtak,Floarea ta (băiat),Your flower (boy),da,c3b6995561d3d
A1,Posesivele,Wardtik,Floarea ta (fată),Your flower (girl),da,ca7f2de50252c
A1,Posesivele,Wardto,Floarea lui,His flower,da,c6092f39ef5c1
A1,Posesivele,Wardeta,Floarea ei,Her flower,da,cace97756a2f4
A1,Posesivele,Wardetna,Floarea noastră,Our flower,da,c6b6888af6f2a
A1,Posesivele,Wardetkon,Floarea voastră,Your flower (plural),da,c3071d07d2bad
A1,Posesivele,Wardeton,Floarea lor,Their flower,da,cdfc3ca0fee5b
A1,Posesivele,Sayyaarte,Mașina mea,My car,da,c214efba0d176
A1,Posesivele,Sayyaartak,Mașina ta (băiat),Your car (boy),da,cc45c4e3ef23d
A1,Posesivele,Sayyaartik,Mașina ta (fată),Your car (girl),da,c5c1c86081392
A1,Posesivele,Sayyarto,Mașina lui,His car,da,c111a6ab5670b
A1,Posesivele,Sayyaareta,Mașina ei,Her car,da,c0e92c29daf98
A1,Posesivele,Sayyaaretna,Mașina noastră,Our car,da,ca2d375422f49
A1,Posesivele,Sayyaaretkon,Mașina voastră,Your car (plural),da,c8225e4630501
A1,Posesivele,Sayyaareton,Mașina lor,Their car,da,cbd3d3a904ff9
A1,Posesivele,Bayto kbiir,Casa lui este mare.,His house is big.,da,cffc292b55b8d
A1,Posesivele,Sayyarte 7elwe,Mașina mea este frumoasă.,My car is nice.,da,c84962c581344
A1,Posesivele,3ayletna kbiire,Familia noastră este mare.,Our family is big.,da,c977d2bfb47db
A1,Posesivele,Kteebak jdiid,Cartea ta este nouă. (către un băiat),Your book is new. (to a boy),da,c791a3782ab2c
A1,Posesivele,Beebon z8iir,Ușa lor este mică.,Their door is small.,da,c8a99b15f7094
A1,Posesivele,3amte ta3beene,Mătușa mea (paternă) este obosită.,My aunt (paternal) is tired.,da,cd752dfee5122
A1,Posesivele,Sayyarte kbiire,Mașina mea este mare.,My car is big.,da,c105591ce4705
A1,Posesivele,Bayto z8iir,Casa lui este mică.,His house is small.,da,ccaaf4e7d07d0
A1,Posesivele,Beebak jdiid,Ușa ta este nouă. (către un băiat),Your door is new. (to a boy),da,c13084a0a8ecd
A1,Salutări,Ana mnii7 shukran,"Sunt bine, mulțumesc. (băiat)","I'm fine, thanks. (boy)",da,c83ac6b407387
A1,La restaurant,Badde ahwe,Vreau cafea.,I want coffee.,da,cd69dc2c2dc78
A1,Prezentul verbelor (b- / 3am),Shu 3am teshrab?,Ce bei acum? (către un băiat),What are you drinking? (to a boy),da,c9aa5d35c0f95
A1,Prezentul verbelor (b- / 3am),3am beshrab cola,Beau cola acum.,I'm drinking cola.,da,c808ade55093d
A1,Prezentul verbelor (b- / 3am),3am bedros lebneene,Studiez libaneză acum.,I'm studying Lebanese now.,da,c7335935e3b26
A1,Casa & mobilierul,Bil matba5 fi majla,În bucătărie este o chiuvetă.,There's a sink in the kitchen.,da,c80ef26dbac57
A1,Casa & mobilierul,Bis salon 3ande tawle kbiire,În sufragerie am o masă mare.,I have a big table in the living room.,da,cf911cd65168a
A1,Casa & mobilierul,Jnayne,Grădină,Garden,da,c14cf2cc8f01a
A1,Casa & mobilierul,Et-tawle,Masa (cu articol),The table,da,c43c298fdc426
A1,Casa & mobilierul,Et-telefon,Telefonul (cu articol),The phone,da,cf7e5cd433e21
A1,Școala & obiecte de clasă,El kteb,Cartea (cu articol),The book,da,cbc5c8c9bb566
A1,Casa & mobilierul,Es-saboun,Săpunul (cu articol),The soap,da,c98cb3cfc4d60
A1,Pluralul & dualul,Badde beben,Vreau două uși.,I want two doors.,da,c27184314267e
A1,Pluralul & dualul,3ande 5aalen,Am doi unchi materni.,I have two maternal uncles.,da,c265ed8db99a8
A1,Pluralul & dualul,Sayyaarteen,Două mașini,Two cars,da,c2ca1cc9e5a04
A1,Pluralul & dualul,S7uun,Farfurii,Plates,da,cef44d9f20000
A1,"Vremea, anotimpurile & natura",2amar,Lună (astrul),Moon,da,c610f4852f297
A1,Direcții & locuri în oraș,3enwen,Adresă,Address,da,c5c33b27a498b
A1,Casa & mobilierul,8abra,Praf,Dust,da,ca3565f40d790
A1,"Vremea, anotimpurile & natura",8ayme,Nor,Cloud,da,cf31e21006513
A1,"Vremea, anotimpurile & natura",5ariif,Toamnă,Autumn,da,caf3e26bf91c6
A1,Culori & descrieri,8ariib,Ciudat / străin,Strange / foreign,da,c0dcb24ed91a0
A1,Cuvinte de legătură & prepoziții,Shway,Puțin,A little,da,c49de1dbffd1b
A1,Cuvinte de legătură & prepoziții,Aliil,Puțin / redus,Little / few,da,c1870b302e754
A1,Politețe & prezentare personală,Tsharrafna b ma3reftak,Încântați să te cunoaștem. (către un băiat),Nice to meet you. (to a boy),da,cbe759b307d6d
A1,Stări & sentimente,Ana ju3aan ktiir,Mi-e foarte foame. (băiat),I'm very hungry. (boy),da,c44a417015ccc
A1,"Cumpărături, haine & prețuri",3andak masare?,Ai bani? (către un băiat),Do you have money? (to a boy),da,c02357a794e78
A1,"Cumpărături, haine & prețuri",Bukra badde banadoura,Mâine vreau roșii.,Tomorrow I want tomatoes.,da,cbf5344dd3653
A1,Trecutul (introducere),Wen kenet mbere7?,Unde ai fost ieri?,Where were you yesterday?,da,cee2a7a17582c
A1,Casa & mobilierul,Barrad,Frigider,Fridge,da,c21be4d46a32b
A1,Casa & mobilierul,Talleeje,Congelator,Freezer,da,c73f09d2f5eba
A1,Casa & mobilierul,Badde sa7en,Vreau o farfurie.,I want a plate.,da,c3094141c0b9d
A1,Casa & mobilierul,Badde beeb jdiid,Vreau o ușă nouă.,I want a new door.,da,cf7e5a282c1ce
A1,Casa & mobilierul,Kam lamba 3andak bil bet?,Câte lămpi ai în casă? (către un băiat),How many lamps do you have at home? (to a boy),da,c5c6ee2321edb
A1,Culori & descrieri,Bet kbiir,O casă mare,A big house,da,cb41c6aa755f3
A1,Culori & descrieri,Lbet Lkbiir,Casa cea mare,The big house,da,cf2189da3578d
A1,Culori & descrieri,Sayyaara 2adiime,O mașină veche,An old car,da,ce1a3de211259
A1,Culori & descrieri,Es-sayyaara L2adiime,Mașina cea veche,The old car,da,c02473a895b8e
A1,Culori & descrieri,8enniyye 7elwe,Un cântec frumos,A beautiful song,da,c4e6ebe670faf
A1,Culori & descrieri,L8enniyye L7elwe,Cântecul cel frumos,The beautiful song,da,cc1301c1482d1
A1,Culori & descrieri,L2estez Lmnii7,Profesorul cel bun,The good teacher,da,cf95099ddfd34
A1,Culori & descrieri,Kniise z8iire,O biserică mică,A small church,da,c1c7dbaf2d34d
A1,Culori & descrieri,Lkniise ez-z8iire,Biserica cea mică,The small church,da,c2269f1178429
A1,Culori & descrieri,Llayeele L7elwe,Serile cele frumoase,The beautiful evenings,da,c4ec222149eb7
A1,Posesivele,Taa7oun jedde,Moara bunicului meu,My grandfather's mill,da,cb8fd09ac916c
A1,Posesivele,Kulliyet Lmusi2a,Facultatea de muzică,The Faculty of Music,da,cbf97814b894f
A1,Posesivele,Beb el bet,Ușa casei,The door of the house,da,cf05daa2eddce
A1,Posesivele,Koral Lkniise,Corul bisericii,The church choir,da,c8cfaa362ae55
A1,Posesivele,Sayyaret Ionut,Mașina lui Ionuț,Ionuț's car,da,c0955846efd46
A1,Posesivele,Nabe3 el mayy,Izvorul apei,The water spring,da,cb43d6ef9284b
A1,Posesivele,Se3er et-teffee7a,Prețul mărului,The price of the apple,da,c91ec0b4f8912
A1,Posesivele,Mefte7 es-sayyara,Cheia mașinii,The car key,da,c5461fa405bb8
A1,Numere,Tleet teffe7aat,Trei mere,Three apples,da,c7b5252317393
A1,Numere,Sabe3 kibeyyet,Șapte pahare,Seven glasses,da,c1f4131126d4a
A1,Numere,7da3shar teffee7a,Unsprezece mere,Eleven apples,da,c7f41b8e51202
A1,Numere,Tneen w 3ashreen yom,Douăzeci și două de zile,Twenty-two days,da,c2c1e4e863d9f
A1,Numere,Mit teffee7a,O sută de mere,A hundred apples,da,c45d0f88ebd94
A1,Numere,Arba3 mit teffe7a,Patru sute de mere,Four hundred apples,da,cde24f151c3a5
A1,"Cumpărături, haine & prețuri",Noss kilo banadura,Jumătate de kilogram de roșii,Half a kilo of tomatoes,da,ca130dee93799
A1,Politețe & prezentare personală,Tfaddal,Poftește / ia loc.,Here you go / have a seat.,da,c49d456c432a6
A1,Prezentul verbelor (b- / 3am),B3allem,Eu predau.,I teach.,da,c89353a7ab3c2
A1,Prezentul verbelor (b- / 3am),Bet3allam,Eu învăț.,I learn.,da,cfe152389ea4f
A1,Prezentul verbelor (b- / 3am),Mnet3allam,Noi învățăm.,We learn.,da,c89c1903f55f8
A1,Prezentul verbelor (b- / 3am),Byet3allam,El învață.,He learns.,da,cf522807a39ea
A1,Prezentul verbelor (b- / 3am),Bedrus,Eu studiez.,I study.,da,ce26591ae3deb
A1,Prezentul verbelor (b- / 3am),3am bedrus,Studiez acum.,I'm studying now.,da,c6ab6a223b83b
A1,Prezentul verbelor (b- / 3am),Bruu7,Eu merg.,I go.,da,c9df13e2339e5
A1,Prezentul verbelor (b- / 3am),3am bruu7,Merg acum.,I'm going now.,da,c366f14daf4e8
A1,Prezentul verbelor (b- / 3am),Bekol,Eu mănânc.,I eat.,da,c802202e463e2
A1,Prezentul verbelor (b- / 3am),3am bekol,Mănânc acum.,I'm eating now.,da,c098f9965a18d
A1,Prezentul verbelor (b- / 3am),Beshte8el,Eu lucrez.,I work.,da,cf7299b15f4c6
A1,Prezentul verbelor (b- / 3am),3am beshte8el,Lucrez acum.,I'm working now.,da,cf6b534dd8f01
A1,Prezentul verbelor (b- / 3am),Bghanne,Eu cânt.,I sing.,da,c7500a7c64b75
A1,Prezentul verbelor (b- / 3am),3am bghanne,Cânt acum.,I'm singing now.,da,c1284cf32cf2c
A1,Casa & mobilierul,Satel zbeele,Coș de gunoi,Rubbish bin,da,cce6c3d45d165
A1,Casa & mobilierul,Masket beeb,Clanță,Door handle,da,c8f89ad4f2131
A1,Casa & mobilierul,Sate7,Acoperiș,Roof,da,c701dace0e209
A1,Casa & mobilierul,2efel,Lacăt,Padlock,da,cba8ba303dfb6
A1,Casa & mobilierul,2astal,Conductă / scurgere,Pipe / drain,da,cf20850ea7098
A1,Casa & mobilierul,2anteen,Antenă,Antenna,da,c183c7ad87b27
A1,Casa & mobilierul,Shebbeek,Fereastră,Window,da,c29f13ff0c595
A1,Casa & mobilierul,7eet,Perete,Wall,da,ca35fa6b55ae5
A1,Casa & mobilierul,Bewweebe,Poartă,Gate,da,c3bfc7e7e5fc1
A1,Casa & mobilierul,Balkon,Balcon,Balcony,da,c3c1773901ec1
A1,Casa & mobilierul,Manshar ghasiil,Uscător pentru rufe,Clothes drying rack,da,c309c21db3fcb
A1,Casa & mobilierul,Sijjeede,Covor,Carpet,da,ca3d4454ee6ed
A1,Casa & mobilierul,Briiz kahraba,Priză electrică,Electric socket,da,c53cb3cef578b
A1,Casa & mobilierul,Berdeeye,Perdea,Curtain,da,c41950f7dc9f8
A1,Casa & mobilierul,Aquaarium,Acvariu,Aquarium,da,c7c51bab29a6d
A1,Casa & mobilierul,See3a,Ceas,Clock,da,c0c1933a2e2e5
A1,Casa & mobilierul,"Talfizyon sau Tilfizyon, sau TV.. ",Televizor,Television,da,c141efa715a91
A1,Casa & mobilierul,Suura,Imagine / fotografie,Picture / photo,da,c551d72adb6d8
A1,Casa & mobilierul,Telefon,Telefon,Telephone,da,c30dee0d4b512
A1,Casa & mobilierul,Raadio,Radio,Radio,da,c9c7ec29bd709
A1,Casa & mobilierul,Taawle,Masă,Table,da,c360034291895
A1,Casa & mobilierul,Lamba,Bec,Light bulb,da,cdf7707d86d28
A1,Casa & mobilierul,Stereo,Sistem stereo,Stereo,da,cbc055547bb88
A1,Casa & mobilierul,Marwa7a or Marew7a,Ventilator,Fan,da,cc3231bc03026
A1,Casa & mobilierul,Sofa,Canapea,Sofa,da,ca09a0c338e0a
A1,Casa & mobilierul,Brii2,Ibric / fierbător,Kettle,da,c8673159ea61e
A1,Casa & mobilierul,Jaat,Bol,Bowl,da,c2d38de056e88
A1,Casa & mobilierul,Me2leeye,Tigaie,Frying pan,da,cdae114eb7ddc
A1,Casa & mobilierul,Fenjeen ahwe,Ceașcă de cafea,Coffee cup,da,ced3b14c2989a
A1,Casa & mobilierul,Kibbeeye,Pahar,Glass,da,c5c6d8ebc0250
A1,Casa & mobilierul,Makanet ahwe,Aparat de cafea,Coffee machine,da,cb0d5e1d27c45
A1,Casa & mobilierul,Tanjra,Oală,Pot,da,cad03ce57f334
A1,Casa & mobilierul,Sa7en,Farfurie,Plate,da,c98b76568c0ed
A1,Casa & mobilierul,Majla,Chiuvetă de bucătărie,Kitchen sink,da,c6b9c5a8025d3
A1,Casa & mobilierul,Male23a or ma3el2a,Lingură,Spoon,da,c2332918d8392
A1,Casa & mobilierul,Sekkiine,Cuțit,Knife,da,c308a3e01bc4e
A1,Casa & mobilierul,Shawke,Furculiță,Fork,da,c95d70b69bf97
A1,Casa & mobilierul,Wara2 7ammem,Hârtie igienică,Toilet paper,da,c6ad2c9929697
A1,Casa & mobilierul,Maghsale,Chiuvetă de baie,Bathroom sink,da,c162e07805d89
A1,Casa & mobilierul,Firsheyit sneen,Periuță de dinți,Toothbrush,da,cab87ad65748d
A1,Casa & mobilierul,Liife,Burete de baie,Bath sponge,da,c878b60a5965d
A1,Casa & mobilierul,Ma3juun sneen,Pastă de dinți,Toothpaste,da,c491646083469
A1,Casa & mobilierul,Sabuun,Săpun,Soap,da,c7eb86061b61d
A1,Casa & mobilierul,7anafiyye,Robinet,Tap,da,c06761be994b3
A1,Casa & mobilierul,Mreeye,Oglindă,Mirror,da,c8e9a3bdf14dd
A1,Casa & mobilierul,Manshafe,Prosop,Towel,da,cdc752205d957
A1,Casa & mobilierul,Banyo or Maghtas,Cadă,Bathtub,da,ce291e204b1ef
A1,"Cumpărături, haine & prețuri",Blouze,Bluză,Blouse,da,cf16b8f776149
A1,"Cumpărături, haine & prețuri",2amiis,Cămașă,Shirt,da,ccfcc2eea5b55
A1,"Cumpărături, haine & prețuri",T-shirt,Tricou,T-shirt,da,c9994d13098f7
A1,"Cumpărături, haine & prețuri",Mayyo,Costum de baie,Swimsuit,da,c2d07730d6c56
A1,"Cumpărături, haine & prețuri",Tannuura,Fustă,Skirt,da,c59d50aa60bb8
A1,"Cumpărături, haine & prețuri",Kalseet,Șosete,Socks,da,c35a268f684d5
A1,"Cumpărături, haine & prețuri",Sheel,Fular / șal,Scarf / shawl,da,c8ab53761768c
A1,"Cumpărături, haine & prețuri",Jacket jeled,Geacă de piele,Leather jacket,da,c8250f0339baf
A1,"Cumpărături, haine & prețuri",Jacket,Geacă,Jacket,da,c2ea1fc36944b
A1,Animale,Kaleb,Câine,Dog,da,c5048cc0714f5
A1,Animale,Bsayne,Pisică,Cat,da,c811bc4219073
A1,Animale,Djeje,Găină,Hen,da,c7b185b7452cf
A1,Animale,Deek roome,Curcan,Turkey,da,ca3d264deebf8
A1,Animale,Deek,Cocoș,Rooster,da,c7aff397113df
A1,Animale,7ameeme,Porumbel,Pigeon,da,c9f8c64ece19b
A1,Animale,3ejel,Vițel,Calf,da,cbdaa975ac079
A1,Animale,5aruuf,Oaie,Sheep,da,c3982b3aaef75
A1,Animale,Batta,Rață,Duck,da,cf6c6c2af26d5
A1,Animale,Sa3den,Maimuță,Monkey,da,c0ee02fca99c9
A1,Animale,2arnab,Iepure,Rabbit,da,c0586e3855f9c
A1,Animale,Namle,Furnică,Ant,da,c9b895932a2bc
A1,Animale,Duude,Vierme,Worm,da,cbb608ed9f003
A1,Animale,Farashe,Fluture,Butterfly,da,c247f44e122ea
A1,Animale,Zele2ta,Viespe,Wasp,da,ce3ca02d7d138
A1,Animale,Na7le,Albină,Bee,da,cad71927ce2e3
A1,Animale,Bizzay2a,Melc,Snail,da,c88221cda31fd
A1,Animale,3a2rab or 3a2rabe,Scorpion,Scorpion,da,c426340a9f21e
A1,Animale,3ankaboot,Păianjen,Spider,da,c712d5a60d641
A1,Animale,Barghashe,Țânțar,Mosquito,da,cb94d643b3a1e
A1,Animale,Debbeene,Muscă,Fly,da,c06f8dc4d5cc1
A1,Animale,Abo Brees,Șopârlă,Lizard,da,c0482cbd4c4ef
A1,Animale,Zele7fe,Broască țestoasă,Tortoise,da,ca570c88dcf82
A1,Animale,Salta3uun,Crab,Crab,da,cdaf555dd5b4a
A1,Animale,Samke,Pește,Fish,da,caf09c51cc7f1
A1,Animale,Karakand,Homar,Lobster,da,cdfbde1213277
A1,Animale,2raydis,Crevete,Shrimp,da,cc23e2691a2b8
A1,Animale,2andiil,Meduză,Jellyfish,da,c29c8a26f3ae1
A1,Animale,Dolphiin,Delfin,Dolphin,da,ca8bfdc5bd00b
A1,Animale,7san l ba7er,Căluț de mare,Seahorse,da,cc224f2e49de6
A1,Animale,7uut,Balenă,Whale,da,c294fd254c964
A1,Animale,Nijmit ba7er,Stea de mare,Starfish,da,c0e23b702e5cf
A1,Animale,Keresh or korosh or 2eresh or 2urush ,Rechin,Shark,da,c66616ac45451
A1,Animale,2a5tabuut,Caracatiță,Octopus,da,cfd4106b1b23d
A1,Mâncare & băuturi,Banaduura,Roșie,Tomato,da,c92203d7ae1cf
A1,Mâncare & băuturi,3enab,Struguri,Grapes,da,cc259bec0041a
A1,Mâncare & băuturi,Battii5,Pepene verde,Watermelon,da,cbf5da5ee8a60
A1,Mâncare & băuturi,Teffee7,Mere,Apples,da,cc23ed1224747
A1,Mâncare & băuturi,Mooz,Banane,Bananas,da,c5dcd0c045e29
A1,Mâncare & băuturi,Njaasa,O Pară,A pear,da,c485f16cc7237
A1,Mâncare & băuturi,7aamod,Lămâie,Lemon,da,c928903f0d3b9
A1,Mâncare & băuturi,Laymoon,Portocală,Orange,da,c44c311a6369c
A1,Mâncare & băuturi,Ananas,Ananas,Pineapple,da,c28625ad0ef85
A1,Mâncare & băuturi,Avoca,Avocado,Avocado,da,ce1a07170b3be
A1,Mâncare & băuturi,Karaz,Cireșe,Cherries,da,c209c8c0c906c
A1,Mâncare & băuturi,Mango or Manga,Mango,Mango,da,c713712604538
A1,Mâncare & băuturi,Guava,Guava,Guava,da,c9de72a9dbd99
A1,Mâncare & băuturi,Batata,Cartof,Potato,da,c4366d19252ca
A1,Mâncare & băuturi,Jazar,Morcov,Carrot,da,c8da7bd54b5ae
A1,Mâncare & băuturi,Tuum,Usturoi,Garlic,da,c3dda2e59a0ca
A1,Mâncare & băuturi,Fejel,Ridiche,Radish,da,cb381d7a49676
A1,Mâncare & băuturi,3arnuus dura,Știulete de porumb,Corn on the cob,da,c7d16f4c729e5
A1,Mâncare & băuturi,Broccoli,Broccoli,Broccoli,da,c7dab1b6c27f8
A1,Mâncare & băuturi,Malfuuf,Varză,Cabbage,da,ce4b5747bceac
A1,Mâncare & băuturi,Bazella,Mazăre,Peas,da,c09ac88bffe7b
A1,Mâncare & băuturi,5yaar,Castravete,Cucumber,da,c183917b1352f
A1,Mâncare & băuturi,Flayfle,Ardei gras,Bell pepper,da,c7bd34fcaeba0
A1,Mâncare & băuturi,Batenjeen,Vânătă,Aubergine,da,c7612aa36efa3
A1,Mâncare & băuturi,Basal,Ceapă,Onion,da,cbe07a9f61a96
A1,Mâncare & băuturi,Freez,Căpșuni,Strawberries,da,cd14ea8a570d3
A1,Mâncare & băuturi,Kuusa,Dovlecel,Courgette,da,c4d4e0f539322
A1,Mâncare & băuturi,Bataata 7elwe,Cartof dulce,Sweet potato,da,c47bb405a4735
A1,Mâncare & băuturi,2arnabiit,Conopidă,Cauliflower,da,ca07efca511ca
A1,Mâncare & băuturi,7arr,Ardei iute,Chilli pepper,da,c4a59e40fff1e
A1,Culori & descrieri,Rmeede,Gri,Grey,da,c01f47add5911
A1,Culori & descrieri,2a5dar ghaame2,Verde închis,Dark green,da,c567869989c9c
A1,Culori & descrieri,Benne,Maro,Brown,da,ccc57a7a37131
A1,Culori & descrieri,2a5dar fete7,Verde deschis,Light green,da,cd96dfe223512
A1,Culori & descrieri,2azra2 ghaame2,Albastru închis,Dark blue,da,c139399d30786
A1,Culori & descrieri,2a7mar,Roșu,Red,da,c77166908192e
A1,Culori & descrieri,Zaher,Roz,Pink,da,c96d1f29f6383
A1,Culori & descrieri,Bird2eene,Portocaliu,Orange (colour),da,c89ab1cb8483b
A1,Culori & descrieri,2abyad,Alb,White,da,cc9332c47b311
A1,Culori & descrieri,Zaher feete7,Roz deschis,Light pink,da,ca1a08ba185cb
A1,Culori & descrieri,2aswad,Negru,Black,da,c5ddca6e5946a
A1,Culori & descrieri,2asfar,Galben,Yellow,da,ccbf5b0fd7418
A1,Culori & descrieri,Mov,Mov,Purple,da,c42915d443c69
A1,Culori & descrieri,2azra2 feete7,Albastru deschis,Light blue,da,c431733502291
A1,"Cumpărături, haine & prețuri",3waynet,Ochelari,Glasses,da,cf8b3064f993f
A1,Mâncare & băuturi,Gâteau,Tort,Cake,da,cb35ed84a18a4
A1,Mâncare & băuturi,Cupcake,Brioșă,Cupcake,da,cce6b6199f91a
A1,Mâncare & băuturi,Candy,Bomboană,Candy,da,c09055888c59a
A1,Mâncare & băuturi,Chocola,Ciocolată,Chocolate,da,c4f356fe93492
A1,Mâncare & băuturi,Jello,Jeleu,Jelly,da,c4c8586d441a1
A1,Mâncare & băuturi,3asiir,Suc,Juice,da,c89264bef18de
A1,Mâncare & băuturi,Sandwich,Sandviș,Sandwich,da,c00b848da7524
A1,Școala & obiecte de clasă,Jaras,Clopoțel,Bell,da,cf50902bebf95
A1,Școala & obiecte de clasă,Kteeb,Carte,Book,da,c94bd6a2630b9
A1,Școala & obiecte de clasă,Maktabe,Bibliotecă,Library,da,c12bd62f025de
A1,Școala & obiecte de clasă,Mal3ab,Teren de joacă,Playground,da,c81a956899796
A1,Școala & obiecte de clasă,Corridor,Coridor,Corridor,da,ca62f3df13fd3
A1,Naționalități & țări,3alam lebneene,Steag libanez,Lebanese flag,da,c68847cbaf182
A1,Școala & obiecte de clasă,Computer,Computer,Computer,da,c4cb70fd7ec77
A1,Casa & mobilierul,Kerse,Scaun,Chair,da,ca5048431aa5e
A1,Transport,Buus,Autobuz școlar,School bus,da,caa37029abd55
A1,Școala & obiecte de clasă,Shanta,Ghiozdan / geantă,Schoolbag / bag,da,cc3088b376e46
A1,Școala & obiecte de clasă,Reznema,Calendar,Calendar,da,ca989a5699af6
A1,Școala & obiecte de clasă,2leem telwiin,Creioane colorate,Coloured pencils,da,c7e556f8509ea
A1,Școala & obiecte de clasă,2alam rsaas,Creion,Pencil,da,cc7c333906f21
A1,Școala & obiecte de clasă,Ma77aaye,Radieră,Eraser,da,c2682fc0467a9
A1,Școala & obiecte de clasă,2alam 7eber,Stilou / pix,Pen,da,ca98107abc13f
A1,Școala & obiecte de clasă,Mibreeye sau Birreeye,Ascuțitoare,Pencil sharpener,da,c1c7f2a1a9d1b
A1,Școala & obiecte de clasă,Loo7,Tablă,Blackboard,da,c6f0339dc1e37
A1,Școala & obiecte de clasă,Tabshuur,Cretă,Chalk,da,c9bceb70a505b
A1,Școala & obiecte de clasă,Mastra,Riglă,Ruler,da,c2fbc74756d2a
A1,Școala & obiecte de clasă,Kora 2ardiyye,Glob pământesc,Globe,da,cc1f818e7141e
A1,Profesii,M3alme,Profesoară,Teacher (female),da,c6d58317e8bdc
A1,Profesii,2istez,Profesor,Teacher (male),da,cffed8a69db39
A1,Școala & obiecte de clasă,Tleemiz,Elevi,Pupils,da,c9823b59206d5
A1,Transport,2etfaa2iyye,Mașină de pompieri,Fire engine,da,cae1291a9eb71
A1,Transport,Traam,Tramvai,Tram,da,ca7c50ce4ea9c
A1,Transport,Treen,Tren,Train,da,c82055110d888
A1,Transport,2es3aaf,Ambulanță,Ambulance,da,c4350234db864
A1,Transport,Bicyclette,Bicicletă,Bicycle,da,c9fbecfdc650c
A1,Profesii,Shorte,Polițist,Police officer,da,c06ba44fbefb1
A1,Transport,Seyyara sau Sayyaara,Mașină,Car,da,cd12ddc7d1c3e
A1,Transport,Seyyaret shorta,Mașină de poliție,Police car,da,c80b2cfd5710f
A1,Transport,Jiip,Jeep,Jeep,da,cc632c74c5aff
A1,Transport,Taxi,Taxi,Taxi,da,cf5f6c807b4e5
A1,Transport,Moto,Motocicletă,Motorbike,da,c36aef0120260
A1,Direcții & locuri în oraș,Shere3,Stradă,Street,da,cec86029cae1b
A1,Direcții & locuri în oraș,2isharit seer,Semafor,Traffic light,da,ca5851c82c1b9
A1,Casa & mobilierul,Beet,Casă,House,da,c587f58e25cce
A1,Transport,Container,Container,Container,da,ccc2f2b032e36
A1,Transport,Helicopter,Elicopter,Helicopter,da,c26151f68ecac
A1,Transport,Safiine,Navă,Ship,da,c05a81b5fb15c
A1,Transport,Manaara,Far (maritim),Lighthouse,da,cba738044f764
A1,Transport,Sha5tuura,Barcă,Boat,da,c27e504c8f37c
A1,Transport,Safeenet sha7en,Navă de marfă,Cargo ship,da,c4ec36532c534
A1,Transport,Wenesh,Macara,Crane,da,cbb978513abda
A1,Transport,Sikatriik,Motostivuitor,Forklift,da,cc477c8a594d2
A1,Direcții & locuri în oraș,Mestashfa,Spital,Hospital,da,c0610140b801a
A1,Direcții & locuri în oraș,Maktab,Birou,Office,da,c8a85bd26222e
A1,Casa & mobilierul,Matba5,Bucătărie,Kitchen,da,c0a528cc61036
A1,Direcții & locuri în oraș,Ma7al,Magazin,Shop,da,c66258714ad9e
A1,Direcții & locuri în oraș,Supermarket,Supermarket,Supermarket,da,c8e122e496b43
A1,Casa & mobilierul,Garage,Garaj,Garage,da,c61e82901a3ef
A1,Casa & mobilierul,She22a,Apartament,Flat / apartment,da,c0cf3680f8cd7
A1,Direcții & locuri în oraș,Day3a,Sat,Village,da,cc26ca8397a0f
A1,Direcții & locuri în oraș,Manjam,Mină,Mine,da,c0473ac1d2be4
A1,Direcții & locuri în oraș,Aquarium,Acvariu,Aquarium,da,c6e3e5646ed95
A1,"Vremea, anotimpurile & natura",Ghaabe,Pădure,Forest,da,c37a7f229c13d
A1,Direcții & locuri în oraș,Jnaynit l 7ayawenet,Grădină zoologică,Zoo,da,c03e67a45d6d7
A1,Direcții & locuri în oraș,Shorta,Poliție,Police,da,c4e28df324c01
A1,Direcții & locuri în oraș,2itfa2iyye,Stație de pompieri,Fire station,da,cd5fd75436f1a
A1,Direcții & locuri în oraș,Masna3,Fabrică,Factory,da,c723ae820f5f6
A1,Direcții & locuri în oraș,Kneese,Biserică,Church,da,c139b9e9a8b0d
A1,Direcții & locuri în oraș,Ma7al 2ahwe,Cafenea,Café,da,c62d1f0877a95
A1,Direcții & locuri în oraș,Madeene,Oraș,City,da,c2b55bea4be78
A1,Direcții & locuri în oraș,Jemi3,Moschee,Mosque,da,c8ebdb572297b
A1,Direcții & locuri în oraș,Masra7,Teatru,Theatre,da,c4e6deef93fc5
A1,Profesii,Sa7aafe,Jurnalist,Journalist,da,cbd37f4b36944
A1,Profesii,5abbez,Brutar,Baker,da,c64c77acf4ded
A1,Profesii,Garcon,Chelner,Waiter,da,c23376b588759
A1,Profesii,Falle7,Fermier,Farmer,da,c2443989e21d0
A1,Profesii,Dahhaan,Zugrav,Painter (decorator),da,cb2b965be6b1a
A1,Profesii,Fannen,Artist,Artist,da,c9623060ac8a4
A1,Profesii,Jinde,Soldat,Soldier,da,c6674719c0f4e
A1,Profesii,Sayyed,Pescar,Fisherman,da,c40729bd6f4f5
A1,Profesii,Chauffeur taxi,Șofer de taxi,Taxi driver,da,cb271522baaae
A1,Profesii,Tabbaa5,Bucătar,Cook,da,c44b6b975b098
A1,Casa & mobilierul,Ne7na 3ayshin b bet,Noi locuim într-o casă.,We live in a house.,da,c8ef639753cf3
A1,"Cumpărături, haine & prețuri",Mnilbos tyeb kel yom,Purtăm haine în fiecare zi.,We wear clothes every day.,da,c918ec4c96e8e
A1,Animale,Ana b7ib l 7ayawenet,Mie îmi plac animalele.,I love animals.,da,cec2511c57c20
A1,Animale,Fi 7asharat b kil matra7,Sunt insecte peste tot.,There are insects everywhere.,da,c64058d1475b2
A1,Animale,Samak bi3eesho ta7et l may,Peștii trăiesc sub apă.,Fish live under water.,da,c92a63f4a9258
A1,Mâncare & băuturi,5odra mni7a la so77etna,Legumele sunt bune pentru sănătatea noastră.,Vegetables are good for our health.,da,ccc3d9e311475
A1,Culori & descrieri,Fi 3anna 2alwen ktir,Avem multe culori.,We have lots of colours.,da,c9d130aec9b97
A1,Școala & obiecte de clasă,Mnit3allam kif ni2ra w niktob bel madrase,Învățăm să citim și să scriem la școală.,We learn to read and write at school.,da,c08eb991cd457
A1,Școala & obiecte de clasă,Sho mna3mil bel saf?,Ce facem în clasă?,What do we do in class?,da,cae0e3ee025ab
A1,Familia & oamenii,3ayilte 3ayshe b madeene,Familia mea locuiește într-un oraș.,My family lives in a city.,da,c94e7c06bce4f
A1,Stări & sentimente,5aaf,a se teme,he got scared,da,ceb5148e62a7f
A1,Stări & sentimente,m3assib,nervos; supărat,angry,da,ca44f7875dd68
A1,"Cumpărături, haine & prețuri",sewam,a negocia prețul,he bargained,da,c86c2888f4eb2
A1,Animale,3awwa,a lătra,he barked,da,c7aa41d1cae14
A1,Stări & sentimente,maz3ooj,deranjat; iritat,annoyed,da,cd52ec2ea7428
A1,Stări & sentimente,2ele2,a fi neliniștit,he got anxious,da,c1476818568a8
A1,Casa & mobilierul,farshe,perie,brush,da,c7268cbabb638
A1,"Cumpărături, haine & prețuri",zir,nasture,button,da,cccbb754dabf1
A1,Culori & descrieri,kbir,mare,big,da,c7b30e6b61435
A1,Mâncare & băuturi,ghele,a fierbe,he boiled,da,c6dd891f771ba
A1,Stări & sentimente,zaha2,a se plictisi,he got bored,da,cefeca52fd84f
A1,Școala & obiecte de clasă,ghash,a copia la școală,he cheated (in school),da,c8eb000cfd6f2
A1,"Zile, luni & rutina zilnică",trawwa2,a lua micul dejun,he had breakfast,da,cb3b55de7694f
A1,Mâncare & băuturi,2atta3,a tăia în bucăți,he chopped,da,cb013ea91810b
A1,"Cumpărături, haine & prețuri",sa33ar,a stabili prețul,"he priced, set the price",da,cc8472a4b3adb
A1,"Vremea, anotimpurile & natura",barad,a se răci,he got cold,da,ce57ddb4efe44
A1,Transport,7aadis,accident,crash,da,cf8fd7732bb06
A1,Școala & obiecte de clasă,sarraf,a conjuga,he conjugated,da,c144d2ec16fb6
A1,Școala & obiecte de clasă,sajjal,a înscrie; a se înscrie,he enrolled,da,c59e0b966c274
A1,Negația (ma…),ma wefa2,a nu fi de acord,he disagreed,da,c5f394cfb98b2
A1,Școala & obiecte de clasă,ma77a,a șterge,he erased,da,cd8e6fb256086
A1,"Cumpărături, haine & prețuri",ghala,a se scumpi,it got expensive,da,c255ba195c8d6
A1,Transport,se2,a conduce un vehicul,he drove,da,cf12089b7b3e2
A1,Direcții & locuri în oraș,ba33ad,a îndepărta,he moved away,da,c6bc2fc09eaa9
A1,Stări & sentimente,malla,a umple,he got fed up,da,c044f6f5bc9b7
A1,Culori & descrieri,to5in,gras,fat,da,cbecded90e2fc
A1,Salutări,ra77ab,a întâmpina; a saluta,"he greeted, welcomed",da,c9a32d2bced2e
A1,Stări & sentimente,7as,a simți,he felt,da,cca4988160ad7
A1,"Vremea, anotimpurile & natura",taaf,a inunda,he flooded,da,c88a5b6512287
A1,Stări & sentimente,je3,a i se face foame,he got hungry,da,cd63cd2c3cbc8
A1,Mâncare & băuturi,jammad,a îngheța,he froze,da,c03d30db97305
A1,Mâncare & băuturi,2ala,a prăji,he fried,da,c35f007b5bc6f
A1,Școala & obiecte de clasă,sarraf,a flexiona un cuvânt,he inflected,da,c2a5f10853ca2
A1,Școala & obiecte de clasă,t3allam,a învăța,he learned,da,cb0a8270f564a
A1,Politețe & prezentare personală,2addam,a prezenta,he introduced,da,ce3aa3e17e7d0
A1,Casa & mobilierul,kawa,a călca haine,he ironed,da,cb02a587fae66
A1,Corpul & sănătatea de bază,do3if,a slăbi,he lost weight,da,c74bfa6c424bc
A1,"Zile, luni & rutina zilnică",tghadda,a lua prânzul,he had lunch,da,c5c7db118f9ca
A1,Familia & oamenii,tzawwaj,a se căsători,he got married,da,c1fa7403931f4
A1,"Cumpărături, haine & prețuri",2aas,a măsura,he measured,da,c546fad38bd9b
A1,Corpul & sănătatea de bază,sha5,a face pipi,he peed,da,cc766eb48d4aa
A1,Școala & obiecte de clasă,7ofiz,a memora,he memorized,da,cb44fccd497ad
A1,Animale,7alab,a mulge,he milked,da,cdd077ec08dff
A1,Mâncare & băuturi,5alat,a amesteca,he mixed,da,cdd98b32179e6
A1,Școala & obiecte de clasă,nasa5,a fotocopia,he photocopied,da,c080a9a0b0c72
A1,Casa & mobilierul,massa7,a șterge cu mopul,he mopped,da,cfb749a272f39
A1,Numere,dareb,a înmulți,he multiplied,da,cc690454451bd
A1,Corpul & sănătatea de bază,fantar,a urina (colocvial),he pissed,da,c5951e62eae49
A1,Politețe & prezentare personală,tsamma,a fi numit,he was named,da,cc893f3b7c779
A1,Mâncare & băuturi,sab,a turna,he poured,da,c57bd9024051b
A1,La restaurant,talab,a comanda,he ordered,da,c69e9be7039e2
A1,Casa & mobilierul,dahan,a vopsi,he painted,da,cb4c9c34e92e1
A1,Sunete & Arabizi,nata2,a pronunța,he pronounced,da,c0f3ba4d62e96
A1,"Zile, luni & rutina zilnică",rte7,a se odihni,he rested,da,c0c8a2332ff4c
A1,"Vremea, anotimpurile & natura",shatta,a ploua,it rained,da,c1631f8977cfa
A1,Școala & obiecte de clasă,raaja3,a recapitula,he reviewed,da,c9ea197757437
A1,Școala & obiecte de clasă,raaja3,a revizui,he revised,da,cc77606d47341
A1,Transport,rakab,a merge cu un vehicul; a călări,he rode,da,c66843a524a3d
A1,"Cumpărături, haine & prețuri",be3,a vinde,he sold,da,c877c40dcede2
A1,Stări & sentimente,7ass,a simți,he sensed,da,c06cf807763e5
A1,Transport,sere3,a accelera,he sped up,da,cfbcc48a34442
A1,La restaurant,5adam,a servi,he served,da,c44c410b7098f
A1,Școala & obiecte de clasă,rawwas,a ascuți,he sharpened,da,c0814afe7e115
A1,Școala & obiecte de clasă,daras,a studia,he studied,da,c0cf4c73c2706
A1,Mâncare & băuturi,7asha,a umple; a îndesa,he stuffed,da,c14592054267c
A1,Transport,5affaf,a încetini,he slowed down,da,ca3c6e088042d
A1,Școala & obiecte de clasă,neje7,a reuși,he succeeded,da,c0a4594dd7cb3
A1,Corpul & sănătatea de bază,3ere2,a transpira,he sweated,da,ccab11f30847a
A1,Casa & mobilierul,kannas,a mătura,he swept,da,cfb6c19f98967
A1,"Cumpărături, haine & prețuri",shala7,a scoate o haină,he took off,da,c252f7b3b0c2d
A1,"Cumpărături, haine & prețuri",fak,a descheia,he unbuttoned,da,c7166fc0fc236
A1,"Cumpărături, haine & prețuri",shala7,a se dezbrăca,he undressed,da,c7550fbb33f58
A1,Mâncare & băuturi,de2,a gusta,he tasted,da,c57c4d2214664
A1,Școala & obiecte de clasă,3allam,a preda; a învăța pe cineva,he taught,da,cccbfa5a3abde
A1,Corpul & sănătatea de bază,bawwal,a urina,he urinated,da,cac8409bcba50
A1,Politețe & prezentare personală,shakar,a mulțumi,he thanked,da,c6047c4c6506e
A1,Stări & sentimente,3otesh,a i se face sete,he got thirsty,da,c548c09c88ea0
A1,"Zile, luni & rutina zilnică",fe2,a se trezi,he woke up,da,cab925264be77
A1,Casa & mobilierul,sa2a,a uda,he watered,da,c54485a15a5ad
A1,"Cumpărături, haine & prețuri",lebes,a purta haine,he wore,da,ce317f4b56996
A1,"Cumpărături, haine & prețuri",zen,a cântări,he weighed,da,c8539c13fd69f
A1,Salutări,sta2bal,a întâmpina,he welcomed,da,c8a5d46a1bcea
A1,Casa & mobilierul,masa7,a șterge,he wiped,da,cdcd3f3b00620
A1,Animale,Ba2ra,O vacă,A cow,da,x24d59614b6ba
A1,Direcții & locuri în oraș,2areeb,aproape,near,da,xb8f1b1ca255c
A1,"Zile, luni & rutina zilnică",2erb3a,miercuri,Wednesday,da,x359e1d2203db
A1,"Zile, luni & rutina zilnică",ba3deen,(pe urmă/apoi/etc),then / afterwards,da,xb1fdf05a2039
A1,Naționalități & țări,3arabe,Arabă,Arabic,da,xeabdc5ed9a32
A1,Culori & descrieri,3aale,"Înalt, ridicat","High, tall",da,xa4b3e31a3278
A1,Politețe & prezentare personală,ma3rouf,făvoare,favour,da,x2281f1276a1a
A1,Posesivele,ma3ak,cu tine/la tine,with you / on you,da,xd7b2a401b861
A1,Politețe & prezentare personală,5aliil,(prenume),Khalil (name),da,x60922cbc07e6
A1,Expresii uzuale de conversație,5ara,răhat,crap,da,x7310c53e9388
A1,"Vremea, anotimpurile & natura",5areef,toamnă,autumn,da,xa632a8964318
A1,"Zile, luni & rutina zilnică",L-5amiis,joia,Thursday,da,xf767eb3a2f94
A1,Expresii uzuale de conversație,5abar,știre,news,da,x182c86292659
A1,Animale,7maar,măgar,donkey,da,x545c3611537c
A1,Mâncare & băuturi,7arr,iute,spicy,da,x435ee4a9183a
A1,"Vremea, anotimpurile & natura",7arii2a,încendiu,fire,da,x1aedf6c13720
A1,Negația (ma…),ma7ada,niciunul sau nimeni,nobody / no one,da,xb548078d358f
A1,Culori & descrieri,8ariib,Străin/Straniu/Ciudat,Foreign / strange / odd,da,xdf2459045d91
A1,Profesii,she8el,muncă/job,work / job,da,xbf65790dc4ec
A1,Casa & mobilierul,8erfe,cameră/încăpere,room,da,x128c2f933f19
A1,"Zile, luni & rutina zilnică",Marra,o dată,once,da,x6a4b0ba6bebd
A1,Salutări,Mar7aba,Salut/bună,Hello / hi,da,xd0ef7c0ac8f2
A1,Salutări,Ahlan,Salut/bună,Hello / hi,da,x79445999aff4
A1,Salutări,Ahla-w-sahla,bine ai/ati venit,welcome,da,xe2722f06b297
A1,Salutări,Saleem,(Pace) Salut/bună (contație religioasă),Peace / hello (religious connotation),da,xeee920d11b36
A1,Salutări,Assalaamu 3alaykum,pacea fie asupra voastra,peace be upon you,da,x05f5b9bc4a06
A1,Salutări,Sabaa7-L-5er,Dimineața binelui,Good morning (lit. morning of goodness),da,x3ce2524f2182
A1,Salutări,Masa-L-5er,Seara binelui,Good evening (lit. evening of goodness),da,x800dd4dcb5b1
A1,Salutări,Sabaa7o,informal ( neața),informal: morning!,da,xca57601ab05c
A1,Salutări,Masee2o,informal (seara),informal: evening!,da,xc987b4dca3e3
A1,Salutări,Tesba7 3a 5er,noapte bună dar mot-a-mot e ”să te trezești/ridici/scoli la bine,good night (lit. may you wake up to goodness),da,xd5dda5346908
A1,Politețe & prezentare personală,Iza betriid,Daca vrei/doresti,If you like / please,da,xaaae667707a0
A1,Politețe & prezentare personală,Mn ba3ed,dupa permisiunea ta,with your permission,da,xa1c428595007
A1,Politețe & prezentare personală,law sama7et,daca permiti,if you allow / excuse me,da,x20f8897b28d4
A1,Politețe & prezentare personală,Bl ezen,cu permisiunea (a voastra/ta/etc),with (your) permission,da,xfaea65a843d2
A1,Cuvinte de legătură & prepoziții,Min,Din,From,da,xa74a7e30a518
A1,Numere,ra2em,o cifră,a digit,da,x35a0fd4fc29f
A1,Salutări,Kiif 7aalak ?,Cum ești (Formal) ?,How are you? (formal),da,x837c7fe3c77a
A1,Naționalități & țări,L-balad,Țara,The country,da,x12c19f83d9e0
A1,"Zile, luni & rutina zilnică",Liom,Azi,Today,da,xcb45553ebee6
A1,Cuvinte de legătură & prepoziții,w,și,and,da,x25c43bf8e438
A1,Naționalități & țări,Balad,o Țară,A country,da,x7204f0816109
A1,"Zile, luni & rutina zilnică",Mberi7,Ieri,Yesterday,da,xb9d0539dd339
A1,Expresii uzuale de conversație,5er,bine,good,da,x0d20498b4ce6
A1,"Vremea, anotimpurile & natura",amar,o lună,a moon,da,x091ce0f57de8
A1,"Zile, luni & rutina zilnică",Bokra,Mâine,Tomorrow,da,x24699dda483b
A1,Expresii uzuale de conversație,sharr,rău,evil / bad,da,x1ce9397f85c8
A1,"Vremea, anotimpurile & natura",shames,un soare,a sun,da,xcda38287eebc
A1,Sunete & Arabizi,” IL”,articol hotârăt,definite article,da,xe68e2b9807c6
A1,Politețe & prezentare personală,isem,nume,name,da,x01a4742bdda1
A1,"Zile, luni & rutina zilnică",awwal mberi7,alaltăieri,the day before yesterday,da,x32d332e240b9
A1,Familia & oamenii,Ahel,părinți,parents,da,x216cbd0c58b7
A1,"Zile, luni & rutina zilnică",ba3d boukra,poimâine,the day after tomorrow,da,x753e9f06dc33
A1,Cuvinte de legătură & prepoziții,abel,inainte,before,da,x7ccc44ff10b3
A1,Cuvinte de legătură & prepoziții,ba3d,după,after,da,x5c66a987447e
A1,Cuvinte de legătură & prepoziții,Bas,"dar, doar, când, atât","but, only, when, enough",da,x50b09c9c5b4d
A1,"Zile, luni & rutina zilnică",nhar,"o zi (”zi” (perioada de 24 de ore), cât și ”partea de zi a unei zile”)",a day (24 hours or daytime),da,x4f335e4a490f
A1,Pluralul & dualul,nharen,Două zile,Two days,da,x501df21d04cd
A1,"Zile, luni & rutina zilnică",lel,noapte,night,da,xedf0099f515f
A1,Cuvinte de legătură & prepoziții,ma 3ada,cu excepția/ în afară de,except / apart from,da,x252402190f31
A1,"Zile, luni & rutina zilnică",yom,o zi,a day,da,xe9cc6ee72271
A1,Direcții & locuri în oraș,juwwa,înăuntru,inside,da,x7e4b65b72e45
A1,Pluralul & dualul,yawmen,două zile,two days,da,x001690231879
A1,Direcții & locuri în oraș,barra,afară,outside,da,x9fb47b924ce4
A1,Pluralul & dualul,fetourten,Doua facturi,Two invoices,da,xc397d7bdc88c
A1,Pluralul & dualul,ayyem,zile,days,da,xff0e4726cb5c
A1,Cuvinte de legătură & prepoziții,bala,fără,without,da,x8cb39add5a12
A1,Pluralul & dualul,fwetiir,trei + facturi,invoices (3+),da,xe53fe846f642
A1,"Zile, luni & rutina zilnică",jem3a,o săptămână,a week,da,x673eac29ce13
A1,Ora,L-wa2et,timpul,the time,da,xf3e417e0557e
A1,"Zile, luni & rutina zilnică",ij-jem3a,săptămâna,the week,da,xaa48eb0a4dfc
A1,"Zile, luni & rutina zilnică",ij-jem3a,vinerea,Friday,da,x084d7cb05678
A1,Ora,nos,jumătate,half,da,x67ed158cf6bc
A1,"Cumpărături, haine & prețuri",zbuun,Client / Cumpărător,Customer / buyer,da,x3950add99a55
A1,"Zile, luni & rutina zilnică",usbou3,o săptămână,a week,da,x31d8e44884a4
A1,Ora,rebe3,un sfert,a quarter,da,xd39c0e1fc8fb
A1,"Zile, luni & rutina zilnică",Lmasa,Seara,The evening,da,xb7d6e16937a7
A1,"Zile, luni & rutina zilnică",L-2esbou3,săptămâna,the week,da,x6ad2e212e1b0
A1,"Zile, luni & rutina zilnică",Billeel,in noapte,at night,da,x46764fbecc9c
A1,Numere,L-2ar2aam,cifrele,the digits,da,xfbaaeb83acdd
A1,Ora,Ed-dohor,Amiaza,Noon,da,x06ba9503e6b7
A1,Ora,telet,o treime,a third,da,x3ae292db6ce6
A1,Ora,Ba3d ed-dohor,Dupa amiaza,Afternoon,da,xf48140d32bf3
A1,Casa & mobilierul,bet,o casa,a house,da,x80065d990a71
A1,Pluralul & dualul,bayten,doua case,two houses,da,x0b3da44402df
A1,Pluralul & dualul,she7nten,dualul,two loads (dual),da,xb9bc2f8137f0
A1,Pluralul & dualul,byuut,3+ (Case),houses (3+),da,xd95688f86e4e
A1,Pluralul & dualul,she7neet,Plural She7ne,loads (plural),da,x19b89f003044
A1,Politețe & prezentare personală,3afwan,pardon,sorry / excuse me,da,x257e6399eb94
A1,Casa & mobilierul,Kebeyye,pahar,glass,da,xffb14c1f589f
A1,Pluralul & dualul,kebbeyten,2 pahare,2 glasses,da,x56814dc7a7b0
A1,Pluralul & dualul,kebbeyet,3+ pahare,glasses (3+),da,xd990c9ee611b
A1,"Cumpărături, haine & prețuri",7ajem,marime,size,da,xf6fa8fc08bab
A1,Pluralul & dualul,7ajmen,2 marimi,2 sizes,da,x5e3792e07377
A1,Pluralul & dualul,a7jem,marimi (3+),sizes (3+),da,xba4b332e8bb6
A1,Pluralul & dualul,muwasaften,doua specificatii,two specifications,da,x2fc66d5ff65a
A1,Pluralul & dualul,mwasafet,3+ specificatii,specifications (3+),da,x58f2cf485605
A1,Pluralul & dualul,muwasafet,specificatii,specifications,da,x1c663566b951
A1,"Cumpărături, haine & prețuri",wazen,greutate,weight,da,x9686844d1387
A1,"Cumpărături, haine & prețuri",ti2il,greutate,weight / heaviness,da,xa95c8803fbe8
A1,"Cumpărături, haine & prețuri",kamiyye,cantitate,quantity,da,xe67e75ff680a
A1,Numere,Sefer,0,zero,da,x1e1b3bfb9f56
A1,Numere,Waa7ad,1,one,da,x4074575027ac
A1,Numere,Tneen,2,two,da,x618d6200a261
A1,Numere,Tleete,3,three,da,x26c2954a7bfb
A1,Numere,Arb3a,4,four,da,x76129a814eaa
A1,Numere,5amsé,5,five,da,x6356f8b40668
A1,Numere,Setté,6,six,da,x9647c502d3e4
A1,Numere,Sab3a,7,seven,da,xa2d7d12575e3
A1,Numere,Tméené,8,eight,da,x2910cb94d542
A1,Numere,Tes3a,9,nine,da,xc0dbf26c255c
A1,Numere,3ashra,10,ten,da,x4836909d5937
A1,Numere,7da-3sh,11,eleven,da,x880989b9bbc0
A1,Numere,Tna-3sh,12,twelve,da,xf5ecb32330d3
A1,Numere,Tlat-ta3sh,13,thirteen,da,x18a9a7fb6dd5
A1,Numere,Arba3-ta3sh,14,fourteen,da,xe7e994e41bfe
A1,Numere,Khams-ta3sh,15,fifteen,da,x83c99047af1c
A1,Numere,Sitta-ta3sh,16,sixteen,da,x41c7743614fd
A1,Numere,Sab3-ta3sh,17,seventeen,da,x0cdd65ad2dbd
A1,Numere,Tmen-ta3sh,18,eighteen,da,x9962f0df8c5b
A1,Numere,Tes3-ta3sh,19,nineteen,da,x6aee894f536c
A1,Numere,3eshreen,20,twenty,da,x965f57cd1c99
A1,Numere,We7daw-3eshreen,21,twenty-one,da,x23194e6a7bc3
A1,Numere,tnenaw- 3eshreen,22,twenty-two,da,x40ef7b915e63
A1,Numere,tletaw-3eshreen,23,twenty-three,da,xd58fb2e9c1a9
A1,Numere,arb3aw-3eshreen,24,twenty-four,da,x7f5105559eb6
A1,Numere,5amsaw-3eshreen,25,twenty-five,da,xb7e0b9a6000d
A1,Numere,sittaw-3eshreen,26,twenty-six,da,xac45d8b641af
A1,Numere,sab3aw-3eshreen,27,twenty-seven,da,x59f06db6e453
A1,Numere,temnaw-3eshreen,28,twenty-eight,da,x0a55fdd7ffc1
A1,Numere,tes3aw-3eshreen,29,twenty-nine,da,xb61427524a96
A1,Numere,tleteen,30,thirty,da,x0afc2ccdae46
A1,Numere,arb3iin,40,forty,da,xe7d8c15381a1
A1,Numere,5amsiin,50,fifty,da,xb80819e46b95
A1,Numere,sittiin,60,sixty,da,x1bdcda23a356
A1,Numere,sab3iin,70,seventy,da,x2b08856a9713
A1,Numere,tmeniin,80,eighty,da,x30129ca9bb17
A1,Numere,tes3iin,90,ninety,da,x16fdddfeca0b
A1,Numere,miyye,100,one hundred,da,x80651d746e99
A1,"Vremea, anotimpurile & natura",ish-shames,soarele,the sun,da,x1a409cbb64d1
A1,Direcții & locuri în oraș,it-taree2,strada,the street,da,x6c42258a4f04
A1,"Zile, luni & rutina zilnică",it-taneen,Luni,Monday,da,x85474473735f
A1,"Zile, luni & rutina zilnică",it-taleeta,Marți,Tuesday,da,xe74cfce0e73b
A1,"Zile, luni & rutina zilnică",L-2erb3a,Miercuri,Wednesday,da,x245c35340092
A1,"Zile, luni & rutina zilnică",is-sabet,Sâmbătă,Saturday,da,x94717908aaa2
A1,"Zile, luni & rutina zilnică",L-a7ad,Duminică,Sunday,da,xd28f6471953e
A1,"Zile, luni & rutina zilnică",Liom shu?,Ce zi e azi?,What day is it today?,da,xf024dc907cc1
A1,"Zile, luni & rutina zilnică",Mberi7 shu?,Ce zi a fost ieri?,What day was it yesterday?,da,xe5f9c2078344
A1,"Zile, luni & rutina zilnică",Bokra shu?,Ce zi e mâine?,What day is it tomorrow?,da,xc16c721399f5
A1,"Zile, luni & rutina zilnică",Liom it-taleeta,Azi este marți,Today is Tuesday,da,x429b1a52eb87
A1,"Zile, luni & rutina zilnică",Mberi7 it-taneen,Ieri a fost luni,Yesterday was Monday,da,x0cc28863e1c1
A1,"Zile, luni & rutina zilnică",Bokra it-taneen,Mâine este luni,Tomorrow is Monday,da,x1050e5b75b82
A1,Ora,is-se3a,ora / ceasul,the hour / the clock,da,x0abedadbb05f
A1,Ora,sab3a illa telet,06:40 — șapte fără douăzeci,06:40 — twenty to seven,da,xfcb2571b5045
A1,Ora,sab3a illa 5amse,06:55 — șapte fără cinci,06:55 — five to seven,da,x8d7326e5f073
A1,Ora,is-se3a tleete,ora trei,three o'clock,da,x205dc1008ec5
A1,Ora,is-se3a arb3a,ora patru,four o'clock,da,x4722f9a6e600
A1,Ora,is-se3a 5amse,ora cinci,five o'clock,da,x09a8c4ffda36
A1,Ora,is-se3a sitte,ora șase,six o'clock,da,xfba8ef61735e
A1,Ora,is-se3a sab3a,ora șapte,seven o'clock,da,x14fc149cc2c8
A1,Pronume personale,enta,Tu (mas),You (m.),da,x96980613ec52
A1,Pronume personale,ente,Tu (fem),You (f.),da,x05c995e5e733
A1,Pronume personale,hiyye,Ea,She,da,x61638ce9203c
A1,Pronume personale,Hinne,Ei / Ele,They,da,x71ad630f2cda
A1,Cuvinte de întrebare,Shu?,Ce?,What?,da,x4b642918aac6
A1,Cuvinte de întrebare,Aimta,Când?,When?,da,x50952769544c
A1,Cuvinte de întrebare,Kiif?,Cum?,How?,da,x9d05b339f0ee
A1,Cuvinte de întrebare,Addesh,Cât?,How much?,da,x5fa2a582420c
A1,Cuvinte de întrebare,Kam,Câte obiecte?,How many (items)?,da,x1fd182a34320
A1,Cuvinte de întrebare,Wen,Unde?,Where?,da,xf3592240259a
A1,Posesivele,ile,mie / al meu,to me / mine,da,x407fe9e1f946
A1,Posesivele,ilak,ție / al tău (m),to you / yours (m.),da,xa550df8f5724
A1,Posesivele,ilik,ție / al tău (f),to you / yours (f.),da,xbb646249e805
A1,Posesivele,ilo,lui / al lui,to him / his,da,x4bb8492d6cb0
A1,Posesivele,ila,ei / al ei,to her / hers,da,xd22b64341603
A1,Posesivele,ilna,nouă / al nostru,to us / ours,da,x0a64a88e4d3f
A1,Posesivele,ilkon,vouă / al vostru,to you / yours (pl.),da,x5e6053ecc9f3
A1,Posesivele,ilon,lor / al lor,to them / theirs,da,x7113422baebf
A1,Pluralul & dualul,Sayyarten,doua masini,two cars,da,xa9c82e7d1a66
A1,Pluralul & dualul,sayyarat,masini,cars,da,x00d82c17bcff
A1,Pluralul & dualul,5ashebten,două scânduri,two planks,da,x42987661abd6
A1,Pluralul & dualul,5ashbet,lemne/scandure,wood / planks,da,xe6a41068c81a
A1,Pluralul & dualul,she7enten,doua incarcaturi,two loads,da,x79662779357c
A1,Pluralul & dualul,she7neet,incarcaturi,loads,da,xf2b7735b04fa
A1,Pluralul & dualul,kebbeyteen,doua pahare,two glasses,da,x67bfaa6570e9
A1,Pluralul & dualul,kebbeyeet,pahare,glasses,da,xd6b07d5ff9bf
A1,Pluralul & dualul,Feetourten,doua note/ doua facturi,two bills / two invoices,da,x9e253642944f
A1,Pluralul & dualul,fwatiir,facturi/note,invoices / bills,da,x1477f9938eb4
A1,Pluralul & dualul,7ajmeen,două mărimi,two sizes,da,x13e05d205a51
A1,Pluralul & dualul,a7jeem,marimi,sizes,da,x8e81cbed7e91
A1,Pluralul & dualul,muwasafeet,specificatii,specifications,da,x76eca0485455
A1,Prezentul verbelor (b- / 3am),Hal ayyem 3am rou7 ktiir 3a-ggym,Zilele astea merg des la sală,These days I go to the gym a lot,da,x362373309c49
A1,Prezentul verbelor (b- / 3am),Ana bekol,AKL · eu · prezent,I eat,da,xe9674c86fae2
A1,Prezentul verbelor (b- / 3am),Ana 3am bekol,AKL · eu · prezent continuu,I am eating (now),da,xb12199d61683
A1,Prezentul verbelor (b- / 3am),enta btekol,AKL · tu (masculin) · prezent,You (m.) eat,da,x99fd68ac869f
A1,Prezentul verbelor (b- / 3am),enta 3am tekol,AKL · tu (masculin) · prezent continuu,You (m.) are eating (now),da,x7d942052e410
A1,Prezentul verbelor (b- / 3am),ente btekle,AKL · tu (feminin) · prezent,You (f.) eat,da,x477f32f03847
A1,Prezentul verbelor (b- / 3am),ente 3am tekle,AKL · tu (feminin) · prezent continuu,You (f.) are eating (now),da,x0a4e7791b311
A1,Prezentul verbelor (b- / 3am),huwwe byekol,AKL · el · prezent,He eats,da,x871889a7dc7f
A1,Prezentul verbelor (b- / 3am),huwwe 3am yekol,AKL · el · prezent continuu,He is eating (now),da,x2efc55325dca
A1,Prezentul verbelor (b- / 3am),hiyye btekol,AKL · ea · prezent,She eats,da,xff1e19e3ca79
A1,Prezentul verbelor (b- / 3am),hiyye 3am tekol,AKL · ea · prezent continuu,She is eating (now),da,x1e393fd13b7d
A1,Prezentul verbelor (b- / 3am),ne7na mnekol,AKL · noi · prezent,We eat,da,xa16ce90ef46e
A1,Prezentul verbelor (b- / 3am),ne7na 3am nekol,AKL · noi · prezent continuu,We are eating (now),da,x289b1105ba3a
A1,Prezentul verbelor (b- / 3am),ento bteklo,AKL · voi · prezent,You (pl.) eat,da,x37e593794848
A1,Prezentul verbelor (b- / 3am),ento 3am teklo,AKL · voi · prezent continuu,You (pl.) are eating (now),da,xbf267d3f08ea
A1,Prezentul verbelor (b- / 3am),Hinne byeklo,AKL · ei / ele · prezent,They eat,da,xa0fc58fbbc06
A1,Prezentul verbelor (b- / 3am),Hinne 3am yeklo,AKL · ei / ele · prezent continuu,They are eating (now),da,xc640bb032516
A1,Prezentul verbelor (b- / 3am),Ana b7ke,7ki/7ke · eu · prezent,I speak,da,x8bd14c05c1f2
A1,Prezentul verbelor (b- / 3am),Ana 3am be7ke,7ki/7ke · eu · prezent continuu,I am speaking (now),da,xd9ad96e727ab
A1,Prezentul verbelor (b- / 3am),enta bt7ke,7ki/7ke · tu (masculin) · prezent,You (m.) speak,da,x87646bf7dac7
A1,Prezentul verbelor (b- / 3am),enta 3am te7ke,7ki/7ke · tu (masculin) · prezent continuu,You (m.) are speaking (now),da,x12803046c5ac
A1,Prezentul verbelor (b- / 3am),ente bt7ke,7ki/7ke · tu (feminin) · prezent,You (f.) speak,da,x879cf32c1de2
A1,Prezentul verbelor (b- / 3am),ente 3am te7ke,7ki/7ke · tu (feminin) · prezent continuu,You (f.) are speaking (now),da,x3a86868c4b8e
A1,Prezentul verbelor (b- / 3am),huwwe by7ke,7ki/7ke · el · prezent,He speaks,da,xaaf40b62faab
A1,Prezentul verbelor (b- / 3am),huwwe 3am ye7ke,7ki/7ke · el · prezent continuu,He is speaking (now),da,xec43eff66e64
A1,Prezentul verbelor (b- / 3am),hiyye bt7ke,7ki/7ke · ea · prezent,She speaks,da,x0220119b5103
A1,Prezentul verbelor (b- / 3am),hiyye 3am te7ke,7ki/7ke · ea · prezent continuu,She is speaking (now),da,x84d865460e9e
A1,Prezentul verbelor (b- / 3am),ne7na mn7ke,7ki/7ke · noi · prezent,We speak,da,xe1b66c8af1fc
A1,Prezentul verbelor (b- / 3am),ne7na 3am ne7ke,7ki/7ke · noi · prezent continuu,We are speaking (now),da,x46f9c8043303
A1,Prezentul verbelor (b- / 3am),ento bt7ko,7ki/7ke · voi · prezent,You (pl.) speak,da,xac7b627a1b5a
A1,Prezentul verbelor (b- / 3am),ento 3am te7ko,7ki/7ke · voi · prezent continuu,You (pl.) are speaking (now),da,x3c0fc82c04e6
A1,Prezentul verbelor (b- / 3am),Hinne by7ko,7ki/7ke · ei / ele · prezent,They speak,da,x16fa4ba89086
A1,Prezentul verbelor (b- / 3am),Hinne 3am ye7ko,7ki/7ke · ei / ele · prezent continuu,They are speaking (now),da,x98739391d05d
A1,Prezentul verbelor (b- / 3am),Ana btlfn,TLFN · eu · prezent,I phone,da,xdac09628e13d
A1,Prezentul verbelor (b- / 3am),Ana 3am btlfn,TLFN · eu · prezent continuu,I am phoning (now),da,xad07677b552f
A1,Prezentul verbelor (b- / 3am),enta bttlfn,TLFN · tu (masculin) · prezent,You (m.) phone,da,x512fa155817a
A1,Prezentul verbelor (b- / 3am),enta 3am ttlfn,TLFN · tu (masculin) · prezent continuu,You (m.) are phoning (now),da,x5d20b487cb67
A1,Prezentul verbelor (b- / 3am),ente bttlfne,TLFN · tu (feminin) · prezent,You (f.) phone,da,xb7e00783731c
A1,Prezentul verbelor (b- / 3am),ente 3am ttlfne,TLFN · tu (feminin) · prezent continuu,You (f.) are phoning (now),da,x9f750e905540
A1,Prezentul verbelor (b- / 3am),huwwe bytlfn,TLFN · el · prezent,He phones,da,x2eabe93e60c8
A1,Prezentul verbelor (b- / 3am),huwwe 3am ytlfn,TLFN · el · prezent continuu,He is phoning (now),da,x5fe0b0b7cf1b
A1,Prezentul verbelor (b- / 3am),hiyye bttlfn,TLFN · ea · prezent,She phones,da,x66a943421c8d
A1,Prezentul verbelor (b- / 3am),hiyye 3am ttlfn,TLFN · ea · prezent continuu,She is phoning (now),da,x1179b871e3b5
A1,Prezentul verbelor (b- / 3am),ne7na mntlfn,TLFN · noi · prezent,We phone,da,x9766e615d8e4
A1,Prezentul verbelor (b- / 3am),ne7na 3am ntlfn,TLFN · noi · prezent continuu,We are phoning (now),da,xd75db8872402
A1,Prezentul verbelor (b- / 3am),ento bttlfno,TLFN · voi · prezent,You (pl.) phone,da,xa05005af4bbc
A1,Prezentul verbelor (b- / 3am),ento 3am ttlfno,TLFN · voi · prezent continuu,You (pl.) are phoning (now),da,x73cef26466f8
A1,Prezentul verbelor (b- / 3am),Hinne bytlfno,TLFN · ei / ele · prezent,They phone,da,x7d062aafcf2e
A1,Prezentul verbelor (b- / 3am),Hinne 3am ytlfno,TLFN · ei / ele · prezent continuu,They are phoning (now),da,x19960b12786f
A1,Prezentul verbelor (b- / 3am),Ana besht8l,SHT8L · eu · prezent,I work,da,x7ccc1918ef1a
A1,Prezentul verbelor (b- / 3am),Ana 3am besht8l,SHT8L · eu · prezent continuu,I am working (now),da,x7748ab9f3358
A1,Prezentul verbelor (b- / 3am),enta btsht8l,SHT8L · tu (masculin) · prezent,You (m.) work,da,x87d052feeeff
A1,Prezentul verbelor (b- / 3am),enta 3am tesht8l,SHT8L · tu (masculin) · prezent continuu,You (m.) are working (now),da,xbdc54e65f774
A1,Prezentul verbelor (b- / 3am),ente btsht8le,SHT8L · tu (feminin) · prezent,You (f.) work,da,x3dc84d16ede4
A1,Prezentul verbelor (b- / 3am),ente 3am tesht8le,SHT8L · tu (feminin) · prezent continuu,You (f.) are working (now),da,x727699115466
A1,Prezentul verbelor (b- / 3am),huwwe bysht8l,SHT8L · el · prezent,He works,da,x07dd716eea79
A1,Prezentul verbelor (b- / 3am),huwwe 3am yesht8l,SHT8L · el · prezent continuu,He is working (now),da,x1182fceb5f1a
A1,Prezentul verbelor (b- / 3am),hiyye btsht8el,SHT8L · ea · prezent,She works,da,x5bef59a178fc
A1,Prezentul verbelor (b- / 3am),hiyye 3am tesht8l,SHT8L · ea · prezent continuu,She is working (now),da,xc5c79e5969fc
A1,Prezentul verbelor (b- / 3am),ne7na mnsht8el,SHT8L · noi · prezent,We work,da,x0c8e8c4ca2d9
A1,Prezentul verbelor (b- / 3am),ne7na 3am nesht8l,SHT8L · noi · prezent continuu,We are working (now),da,x978423f3d7a9
A1,Prezentul verbelor (b- / 3am),ento btsht8lo,SHT8L · voi · prezent,You (pl.) work,da,xb9ef2eb9f138
A1,Prezentul verbelor (b- / 3am),ento 3am tesht8lo,SHT8L · voi · prezent continuu,You (pl.) are working (now),da,x2e1115baf133
A1,Prezentul verbelor (b- / 3am),Hinne bysht8lo,SHT8L · ei / ele · prezent,They work,da,x3cb6c99afc5f
A1,Prezentul verbelor (b- / 3am),Hinne 3am yesht8lo,SHT8L · ei / ele · prezent continuu,They are working (now),da,x969f86b7fec9
A1,Prezentul verbelor (b- / 3am),Ana ba3te,3TI · eu · prezent,I give,da,x2dde5b7ba9cf
A1,Prezentul verbelor (b- / 3am),Ana 3am ba3te,3TI · eu · prezent continuu,I am giving (now),da,x21cafc35167c
A1,Prezentul verbelor (b- / 3am),enta bt3te,3TI · tu (masculin) · prezent,You (m.) give,da,x0348c63fdf20
A1,Prezentul verbelor (b- / 3am),enta 3am ta3te,3TI · tu (masculin) · prezent continuu,You (m.) are giving (now),da,x320d3d107be3
A1,Prezentul verbelor (b- / 3am),ente bt3te,3TI · tu (feminin) · prezent,You (f.) give,da,x7ed04591357e
A1,Prezentul verbelor (b- / 3am),ente 3am ta3te,3TI · tu (feminin) · prezent continuu,You (f.) are giving (now),da,x1f5447d6c773
A1,Prezentul verbelor (b- / 3am),huwwe by3te,3TI · el · prezent,He gives,da,x813d6f0ac6fd
A1,Prezentul verbelor (b- / 3am),huwwe 3am ye3te,3TI · el · prezent continuu,He is giving (now),da,xa6ec452208ba
A1,Prezentul verbelor (b- / 3am),hiyye bt3te,3TI · ea · prezent,She gives,da,x7f41474a5108
A1,Prezentul verbelor (b- / 3am),hiyye 3am ta3te,3TI · ea · prezent continuu,She is giving (now),da,xf5f66f2589ee
A1,Prezentul verbelor (b- / 3am),ne7na mn3te,3TI · noi · prezent,We give,da,x09612a0553eb
A1,Prezentul verbelor (b- / 3am),ne7na 3am ne3te,3TI · noi · prezent continuu,We are giving (now),da,x0b03c08d2459
A1,Prezentul verbelor (b- / 3am),ento bt3to,3TI · voi · prezent,You (pl.) give,da,x261d1f3d9a3b
A1,Prezentul verbelor (b- / 3am),ento 3am ta3to,3TI · voi · prezent continuu,You (pl.) are giving (now),da,xf781b1194ad0
A1,Prezentul verbelor (b- / 3am),Hinne by3to,3TI · ei / ele · prezent,They give,da,x7e861e573d4b
A1,Prezentul verbelor (b- / 3am),Hinne 3am ya3to,3TI · ei / ele · prezent continuu,They are giving (now),da,x177c08b3070c
A1,Prezentul verbelor (b- / 3am),Ana b2ul,2EL/2UL · eu · prezent,I say,da,x9cba0986dd15
A1,Prezentul verbelor (b- / 3am),Ana 3am b2ul,2EL/2UL · eu · prezent continuu,I am saying (now),da,x48eac07f9776
A1,Prezentul verbelor (b- / 3am),enta bt2ul,2EL/2UL · tu (masculin) · prezent,You (m.) say,da,x0050db4f0911
A1,Prezentul verbelor (b- / 3am),enta 3am t2ul,2EL/2UL · tu (masculin) · prezent continuu,You (m.) are saying (now),da,xd4d9870b7f95
A1,Prezentul verbelor (b- / 3am),ente bt2ule,2EL/2UL · tu (feminin) · prezent,You (f.) say,da,x2869fab26bd4
A1,Prezentul verbelor (b- / 3am),ente 3am t2ule,2EL/2UL · tu (feminin) · prezent continuu,You (f.) are saying (now),da,x7a2305c79ac4
A1,Prezentul verbelor (b- / 3am),huwwe by2ul,2EL/2UL · el · prezent,He says,da,x2639434396c9
A1,Prezentul verbelor (b- / 3am),huwwe 3am ye2ul,2EL/2UL · el · prezent continuu,He is saying (now),da,xd3e4247993e0
A1,Prezentul verbelor (b- / 3am),hiyye bt2ul,2EL/2UL · ea · prezent,She says,da,x8c9809a14a2b
A1,Prezentul verbelor (b- / 3am),hiyye 3am t2ul,2EL/2UL · ea · prezent continuu,She is saying (now),da,xc61b1a0c121f
A1,Prezentul verbelor (b- / 3am),ne7na mn2ul,2EL/2UL · noi · prezent,We say,da,x50c145ca40b7
A1,Prezentul verbelor (b- / 3am),ne7na 3am n2ul,2EL/2UL · noi · prezent continuu,We are saying (now),da,xbb8341a5e0b1
A1,Prezentul verbelor (b- / 3am),ento bt2ulo,2EL/2UL · voi · prezent,You (pl.) say,da,x4f5258d72829
A1,Prezentul verbelor (b- / 3am),ento 3am t2ulo,2EL/2UL · voi · prezent continuu,You (pl.) are saying (now),da,xe04333fafa95
A1,Prezentul verbelor (b- / 3am),Hinne by2ulo,2EL/2UL · ei / ele · prezent,They say,da,x2fe1b0a8a88e
A1,Prezentul verbelor (b- / 3am),Hinne 3am y2ulo,2EL/2UL · ei / ele · prezent continuu,They are saying (now),da,x50f769850cae
A1,Prezentul verbelor (b- / 3am),Ana Bedros,DRS · eu · prezent,I study,da,x871b70a75252
A1,Prezentul verbelor (b- / 3am),Ana 3am bedros,DRS · eu · prezent continuu,I am studying (now),da,x85949bbac603
A1,Prezentul verbelor (b- / 3am),enta btedros,DRS · tu (masculin) · prezent,You (m.) study,da,x6f98550c5cb9
A1,Prezentul verbelor (b- / 3am),enta 3am tedros,DRS · tu (masculin) · prezent continuu,You (m.) are studying (now),da,x910f74e4de85
A1,Prezentul verbelor (b- / 3am),ente btedrse,DRS · tu (feminin) · prezent,You (f.) study,da,xa8580c112839
A1,Prezentul verbelor (b- / 3am),ente 3am tedrse,DRS · tu (feminin) · prezent continuu,You (f.) are studying (now),da,xabdba1f7b158
A1,Prezentul verbelor (b- / 3am),huwwe byedros,DRS · el · prezent,He studies,da,x3244b4edc870
A1,Prezentul verbelor (b- / 3am),huwwe 3am yedros,DRS · el · prezent continuu,He is studying (now),da,xc33e55679773
A1,Prezentul verbelor (b- / 3am),hiyye btedros,DRS · ea · prezent,She studies,da,x136e37b57e4f
A1,Prezentul verbelor (b- / 3am),hiyye 3am tedros,DRS · ea · prezent continuu,She is studying (now),da,x7deda0b4a2de
A1,Prezentul verbelor (b- / 3am),ne7na mnedros,DRS · noi · prezent,We study,da,x5d6a7ae72a57
A1,Prezentul verbelor (b- / 3am),ne7na 3am nedros,DRS · noi · prezent continuu,We are studying (now),da,x98ddcc6e3e02
A1,Prezentul verbelor (b- / 3am),ento btederso,DRS · voi · prezent,You (pl.) study,da,x29c79911e10b
A1,Prezentul verbelor (b- / 3am),ento 3am tederso,DRS · voi · prezent continuu,You (pl.) are studying (now),da,xa42dcf8e235c
A1,Prezentul verbelor (b- / 3am),Hinne byederso,DRS · ei / ele · prezent,They study,da,x5289d37d4cbf
A1,Prezentul verbelor (b- / 3am),Hinne 3am yederso,DRS · ei / ele · prezent continuu,They are studying (now),da,xebb210bd5588
A1,Prezentul verbelor (b- / 3am),Ana ba3ref,3RF · eu · prezent,I know,da,x9eeab1dd1f05
A1,Prezentul verbelor (b- / 3am),Ana 3am ba3ref,3RF · eu · prezent continuu,I am knowing (now),da,xd49f1fd44d66
A1,Prezentul verbelor (b- / 3am),enta bta3ref,3RF · tu (masculin) · prezent,You (m.) know,da,x1dd03de3dd37
A1,Prezentul verbelor (b- / 3am),enta 3am ta3ref,3RF · tu (masculin) · prezent continuu,You (m.) are knowing (now),da,xb6c7d10b307f
A1,Prezentul verbelor (b- / 3am),ente bta3rfe,3RF · tu (feminin) · prezent,You (f.) know,da,x9964c44e7957
A1,Prezentul verbelor (b- / 3am),ente 3am ta3rfe,3RF · tu (feminin) · prezent continuu,You (f.) are knowing (now),da,xcd2fbd2fbaf6
A1,Prezentul verbelor (b- / 3am),huwwe bya3ref,3RF · el · prezent,He knows,da,x65af938a9a3d
A1,Prezentul verbelor (b- / 3am),huwwe 3am ya3ref,3RF · el · prezent continuu,He is knowing (now),da,x03e6b542d116
A1,Prezentul verbelor (b- / 3am),hiyye bta3ref,3RF · ea · prezent,She knows,da,x5c101d9ea626
A1,Prezentul verbelor (b- / 3am),hiyye 3am ta3ref,3RF · ea · prezent continuu,She is knowing (now),da,xcfb2db3dd914
A1,Prezentul verbelor (b- / 3am),ne7na mna3ref,3RF · noi · prezent,We know,da,xbd6026636637
A1,Prezentul verbelor (b- / 3am),ne7na 3am na3ref,3RF · noi · prezent continuu,We are knowing (now),da,x18ec0c93c80d
A1,Prezentul verbelor (b- / 3am),ento bta3rfo,3RF · voi · prezent,You (pl.) know,da,xd3bad3c457b2
A1,Prezentul verbelor (b- / 3am),ento 3am ta3rfo,3RF · voi · prezent continuu,You (pl.) are knowing (now),da,xe9496f241b4a
A1,Prezentul verbelor (b- / 3am),Hinne bya3rfo,3RF · ei / ele · prezent,They know,da,x1d3301f43a2d
A1,Prezentul verbelor (b- / 3am),Hinne 3am ya3rfo,3RF · ei / ele · prezent continuu,They are knowing (now),da,x3ac993f6346d
A1,Prezentul verbelor (b- / 3am),Ana ba3mol,3ML · eu · prezent,I do,da,xd3588f8a3871
A1,Prezentul verbelor (b- / 3am),Ana 3am ba3mol,3ML · eu · prezent continuu,I am doing (now),da,x89ce3a75bc2b
A1,Prezentul verbelor (b- / 3am),enta bta3mol,3ML · tu (masculin) · prezent,You (m.) do,da,x29a654a8a3e4
A1,Prezentul verbelor (b- / 3am),enta 3am ta3mol,3ML · tu (masculin) · prezent continuu,You (m.) are doing (now),da,x64363aeef13c
A1,Prezentul verbelor (b- / 3am),ente bta3mle,3ML · tu (feminin) · prezent,You (f.) do,da,x88e6d24780b6
A1,Prezentul verbelor (b- / 3am),ente 3am ta3mle,3ML · tu (feminin) · prezent continuu,You (f.) are doing (now),da,x83011fa94a70
A1,Prezentul verbelor (b- / 3am),huwwe bya3mol,3ML · el · prezent,He does,da,x009e78eb55d2
A1,Prezentul verbelor (b- / 3am),huwwe 3am ya3mol,3ML · el · prezent continuu,He is doing (now),da,xe991914ce400
A1,Prezentul verbelor (b- / 3am),hiyye bta3mol,3ML · ea · prezent,She does,da,x8911614fcebc
A1,Prezentul verbelor (b- / 3am),hiyye 3am ta3mol,3ML · ea · prezent continuu,She is doing (now),da,x3de0b243e1f9
A1,Prezentul verbelor (b- / 3am),ne7na mna3mol,3ML · noi · prezent,We do,da,xfda724db99bb
A1,Prezentul verbelor (b- / 3am),ne7na 3am na3mol,3ML · noi · prezent continuu,We are doing (now),da,x07ce2889e0f2
A1,Prezentul verbelor (b- / 3am),ento bta3mlo,3ML · voi · prezent,You (pl.) do,da,xb30b19d39b31
A1,Prezentul verbelor (b- / 3am),ento 3am ta3mlo,3ML · voi · prezent continuu,You (pl.) are doing (now),da,x0d9d1ae412d0
A1,Prezentul verbelor (b- / 3am),Hinne bya3mlo,3ML · ei / ele · prezent,They do,da,x8f24f6917987
A1,Prezentul verbelor (b- / 3am),Hinne 3am ya3mlo,3ML · ei / ele · prezent continuu,They are doing (now),da,xbdabd8e16210
A1,Prezentul verbelor (b- / 3am),Ana bsewe,SWE · eu · prezent,I make,da,xd0a053d9f9b6
A1,Prezentul verbelor (b- / 3am),Ana 3am bsewe,SWE · eu · prezent continuu,I am making (now),da,xe1052dc882e9
A1,Prezentul verbelor (b- / 3am),enta btsewe,SWE · tu (masculin) · prezent,You (m.) make,da,x4d83772b4cb7
A1,Prezentul verbelor (b- / 3am),enta 3am tsewe,SWE · tu (masculin) · prezent continuu,You (m.) are making (now),da,x92873096a467
A1,Prezentul verbelor (b- / 3am),ente btsewe,SWE · tu (feminin) · prezent,You (f.) make,da,x5fbf16e3d22e
A1,Prezentul verbelor (b- / 3am),ente 3am tsewe,SWE · tu (feminin) · prezent continuu,You (f.) are making (now),da,x811ed1c076e7
A1,Prezentul verbelor (b- / 3am),huwwe bysewe,SWE · el · prezent,He makes,da,x9d32a74f63fc
A1,Prezentul verbelor (b- / 3am),huwwe 3am ysewe,SWE · el · prezent continuu,He is making (now),da,x1f06b89340c9
A1,Prezentul verbelor (b- / 3am),hiyye btsewe,SWE · ea · prezent,She makes,da,x7342e7246a48
A1,Prezentul verbelor (b- / 3am),hiyye 3am tsewe,SWE · ea · prezent continuu,She is making (now),da,x5608069b0d7b
A1,Prezentul verbelor (b- / 3am),ne7na mnsewe,SWE · noi · prezent,We make,da,x806c9917780d
A1,Prezentul verbelor (b- / 3am),ne7na 3am nsewe,SWE · noi · prezent continuu,We are making (now),da,x7914db3c61c9
A1,Prezentul verbelor (b- / 3am),ento btsewo,SWE · voi · prezent,You (pl.) make,da,xe608a15413c2
A1,Prezentul verbelor (b- / 3am),ento 3am tsewo,SWE · voi · prezent continuu,You (pl.) are making (now),da,xb77d3ddea7c7
A1,Prezentul verbelor (b- / 3am),Hinne bysewo,SWE · ei / ele · prezent,They make,da,x58c81bfabc74
A1,Prezentul verbelor (b- / 3am),Hinne 3am ysewo,SWE · ei / ele · prezent continuu,They are making (now),da,xcbad1f656b6d
A1,Salutări,Sabaa7 el 5er,Bună dimineața!,Good morning!,da,x99801b6dff38
A1,Salutări,Sabaa7 el nuur,Bună dimineața! (răspuns),Good morning! (reply),da,xa759f9ee6f0e
A1,Politețe & prezentare personală,3ali,Ali (nume),Ali (name),da,x21885dd275bd
A1,Culori & descrieri,3aali,Înalt / ridicat,High / tall,da,x9bc1252053c7
A1,Expresii uzuale de conversație,Ma ma3e 5abar,Nu știu / n-am habar.,I don't know / no idea.,da,xb66f2973ace4
A1,Transport,Sayyara,Mașină,Car,da,xe9a47038a44e
A1,Cuvinte de întrebare,Men wen enta?,De unde ești? (către un băiat),Where are you from? (to a boy),da,x21f1eed5b69e
A1,Expresii uzuale de conversație,Ana kamen,Și eu / și mie,Me too,da,x6411bf5ecf42
A1,Expresii uzuale de conversație,Basita,E în regulă / nu-i nimic.,It's fine / no problem.,da,xdb01e0e6f91d
A1,Cuvinte de întrebare,Adde,Cât? (cantitate / vârstă),How much? (quantity / age),da,xc5de4995f11d
A1,Expresii uzuale de conversație,Hek,Așa,Like this / so,da,xa8de08fd0970
A1,"Cumpărături, haine & prețuri",Adde baddak?,Cât vrei? (către un băiat),How much do you want? (to a boy),da,xa84db62a9d89
A1,Salutări,Shu a5barak?,Ce noutăți ai? (către un băiat),What's new with you? (to a boy),da,x4e91704c4597
A1,Stări & sentimente,Ju3aane,Flămândă,Hungry (feminine),da,xb5e1090452cb
A1,Stări & sentimente,Merte7,Relaxat / confortabil,Relaxed / comfortable (masculine),da,x932322a5dc5b
A1,Stări & sentimente,Merte7a,Relaxată / confortabilă,Relaxed / comfortable (feminine),da,x443041917cb2
A1,Stări & sentimente,Maz3ouj,Deranjat,Bothered (masculine),da,x796ebb987bbb
A1,Stări & sentimente,Maz3ouje,Deranjată,Bothered (feminine),da,xd5b2c737460c
A1,"Zile, luni & rutina zilnică",Mbere7,Ieri,Yesterday,da,x64b81a9ea654
A1,Posesivele,Ma3e masare,Am bani la mine.,I have money on me.,da,xd56552d561d1
A1,"Cumpărături, haine & prețuri",Masare,Bani,Money,da,x2b83c5546535
A1,Profesii,7alle2,Frizer,Barber,da,xcfc6b95e2088
A1,Profesii,Coaffer,Coafor,Hairdresser,da,x878f4e3dc795
A1,Corpul & sănătatea de bază,3ayn,Ochi,Eye,da,x026e2a7cfe66
A1,Stări & sentimente,Ij-jou3,Foamea,Hunger,da,x11d645b60054
A1,Stări & sentimente,Shu bek?,Ce ai? / Ce-i cu tine? (către un băiat),What's wrong? (to a boy),da,xb441aa0b7c7c
A1,Expresii uzuale de conversație,Shu sar?,Ce s-a întâmplat?,What happened?,da,x8383bd839f19
A1,Expresii uzuale de conversație,Meshe,Bine / OK,Fine / OK,da,x597d679749c0
A1,Expresii uzuale de conversație,Meshe l 7al,Merge / nu mă plâng.,It's going / can't complain.,da,x094be2e53c30
A1,Expresii uzuale de conversație,Tamem,Foarte bine / în regulă,Very good / all right,da,x573760afade9
A1,Profesii,Sho8ol,Treabă / muncă,Work / job,da,x7fc6c6ac1f7c
A1,Direcții & locuri în oraș,It-taree2,Drumul,The road,da,xc06f1fb51a46
A1,Posesivele,3andna,Avem / la noi,We have / at our place,da,x24bad48f10df
A1,Cuvinte de întrebare,Shu ya3ne tawle bir romaane?,Ce înseamnă tawle în română?,What does tawle mean in Romanian?,da,x859f7c631e73
A1,Cuvinte de întrebare,Shu ya3ne masa bil lebneene?,Ce înseamnă masă în libaneză?,What does masă mean in Lebanese?,da,x8579dec15e97
A1,Casa & mobilierul,Liife,Burete,Sponge,da,x93089743223d
A1,Casa & mobilierul,Ma8sale,Chiuvetă,Sink,da,xd91c3b2a54b9
A1,"Cumpărături, haine & prețuri",Shel,Șal / fular,Shawl / scarf,da,x8a38c1923d9b
A1,Stări & sentimente,L-Mabsut,fericitul,the happy one,da,xa3ff3a46cff5
A1,Stări & sentimente,Ir-Reye2,cel calm,the calm one,da,x9c564e888d9d
A1,Demonstrativele,hayda,acesta (masculin),this (masculine),da,x38bbf569638d
A1,Demonstrativele,hayde,aceasta (feminin),this (feminine),da,x15e75a14ef00
A1,Demonstrativele,haydeek,acela (masculin),that (masculine),da,xa5cc34d9d609
A1,Demonstrativele,haydiik,aceea (feminin),that (feminine),da,xe52bebd02165
A1,Demonstrativele,hol,aceștia / acestea,these / those,da,xb9b0ef351596
A1,Posesivele,3ammo,unchiul lui (patern),his uncle (paternal),da,xc1b672a49b75
A1,Posesivele,3amto,mătușa lui (paternă),his aunt (paternal),da,x756806f0dd11
A1,Casa & mobilierul,beb,o ușă,a door,da,x38cbe9255f63
A1,Casa & mobilierul,shebbeek,o fereastră,a window,da,xaa2fed7e72cb
A1,Casa & mobilierul,7et,perete,wall,da,xbe79617d6521
A1,Pluralul & dualul,kbaar,mari,big (plural),da,x1bc3079be6e6
A1,Pluralul & dualul,zghar,mici,small (plural),da,x276ad81151fd
A1,La restaurant,ahwe ma3 sekkar,cafea cu zahăr,coffee with sugar,da,x5c99301ab5be
A1,La restaurant,ahwe bala sekkar,cafea fără zahăr,coffee without sugar,da,xfcd0a3cce93f
A1,Numere,5amse,5,five,da,x57681be3b799
A1,Numere,sette,6,six,da,x963d9c2061dc
A1,Numere,tmeene,8,eight,da,x264a5e72fd8a
A1,Numere,3eshriin,20,twenty,da,xd442f232e1b5
A1,Numere,badde teffe7a,Vreau un măr,I want an apple,da,x94ebbb4f3aa0
A1,Numere,badde teffe7ten,Vreau două mere,I want two apples,da,xd2d5fb4646c9
A1,Numere,badde tlet teffe7eet,Vreau trei mere,I want three apples,da,x1d072583693b
A1,Numere,badde 7da3shar teffe7a,Vreau unsprezece mere,I want eleven apples,da,x112fb68880e2
A1,Ora,noss,jumătate,half,da,xa1456fd4ea52
A1,Ora,da2ii2a,un minut,a minute,da,x12444f402375
A1,Ora,senye,o secundă,a second,da,xc4d9c3bd2a4e
A1,Ora,sawene,secunde,seconds,da,x0e027fd91b29
A1,Ora,arb3a illa d2ii2ten,4 fără 2 minute,two minutes to four,da,xf743220e061a
A1,"Zile, luni & rutina zilnică",L-2a7ad,duminică,Sunday,da,x5d75903f94e5
A1,"Zile, luni & rutina zilnică",it-tanen,luni,Monday,da,x641b3b84369a
A1,"Zile, luni & rutina zilnică",it-taleta,marți,Tuesday,da,x18cbb2edc62f
A1,"Zile, luni & rutina zilnică",L-2urb3a,miercuri,Wednesday,da,x53d23cf7d3b7
A1,"Zile, luni & rutina zilnică",j-jem3a,vineri,Friday,da,x76ee74be1508
A1,"Zile, luni & rutina zilnică",s-sabet,sâmbătă,Saturday,da,xa31a872002d7
A1,Salutări,bshufak,te văd / ne vedem (către un bărbat),see you (to a man),da,xdcda2ffdf111
A1,Salutări,bshufik,te văd / ne vedem (către o femeie),see you (to a woman),da,x0bb39d70a5cc
A1,Salutări,bshufkon,vă văd / ne vedem (către mai mulți),see you (to several people),da,x975e1ac8c9f8
A1,Pluralul & dualul,iyyeem,zile,days,da,xaa2a8d83ceb0
A1,Ora,Adde is-se3a?,Cât e ceasul?,What time is it?,da,xe7426dd55875
A1,Salutări,Bshufak bukra?,Ne vedem mâine? (către un bărbat),See you tomorrow? (to a man),da,x466ca9617922
A1,Salutări,Bshufkon bukra?,Ne vedem mâine? (către mai mulți),See you tomorrow? (to several people),da,x14b59a5cf117
A1,"Zile, luni & rutina zilnică",shaher,lună calendaristică,month,da,xded576594a1e
A1,"Cumpărături, haine & prețuri",Kam banadoura baddak liom?,Câte roșii vrei azi? (masculin),How many tomatoes do you want today? (masculine),da,x55692fdc78d6
A1,"Zile, luni & rutina zilnică",sobo7,dimineață,morning,da,x0639ac8fb8b9
A1,Ora,dohor,prânz,noon,da,xa19a3b4fa828
A1,"Zile, luni & rutina zilnică",masa,seară,evening,da,x664ad79bb8ae
A1,Direcții & locuri în oraș,fo2,deasupra,above,da,x213932fa8a68
A1,Direcții & locuri în oraș,ta7et,dedesubt,below,da,x78366f45fbc2
A1,Direcții & locuri în oraș,ben,între,between,da,x12280896bbae
A1,Direcții & locuri în oraș,wara,în spate,behind,da,x0104fd49b1c2
A1,Direcții & locuri în oraș,eddeem,în față,in front,da,x91235dbc6de5
A1,Direcții & locuri în oraș,7add,lângă,next to,da,xb24308e2217c
A1,Direcții & locuri în oraș,dod,împotrivă,against,da,xe60d75e417f8
A1,Cuvinte de legătură & prepoziții,kamen,și / de asemenea,and / also,da,xc947de7f6cd4
A1,Cuvinte de legătură & prepoziții,ma 3ada,cu excepția,except,da,xe3aa523c112d
A1,Ora,Bukra 3as-se3a sab3a w tleetaw 3eshriin d2ii2a ray7a la 3and emme,Mâine la 7:23 merg la mama (vorbitoare),Tomorrow at 7:23 I'm going to my mother's (female speaker),da,x05337ac28782
A1,Direcții & locuri în oraș,Ta7et it-tawle fi wardten,Sub masă sunt două flori,There are two flowers under the table,da,x4af3aee9a4c2
A1,"Zile, luni & rutina zilnică",Kanoun et-teene,ianuarie,January,da,x4eb621f60835
A1,"Zile, luni & rutina zilnică",Shbaat,februarie,February,da,x482de40373fb
A1,"Zile, luni & rutina zilnică",Adaar,martie,March,da,xbfe75b082ab6
A1,"Zile, luni & rutina zilnică",Niseen,aprilie,April,da,x1a0a9ab75b2d
A1,"Zile, luni & rutina zilnică",Ayyaar,mai,May,da,xbc380c7e9fff
A1,"Zile, luni & rutina zilnică",7zayraan,iunie,June,da,xb8f06f17eab3
A1,"Zile, luni & rutina zilnică",Tammuuz,iulie,July,da,x66b45e8f05c2
A1,"Zile, luni & rutina zilnică",Aab,august,August,da,xc20fbcd8a891
A1,"Zile, luni & rutina zilnică",Ayluul,septembrie,September,da,x528b1f47630c
A1,"Zile, luni & rutina zilnică",Teshrin il-awwal,octombrie,October,da,xa2900e36e9f1
A1,"Zile, luni & rutina zilnică",Teshrin et-tani,noiembrie,November,da,xc794327484ba
A1,"Zile, luni & rutina zilnică",Keenuun il-awwal,decembrie,December,da,xbab3d6e18c99
A1,"Vremea, anotimpurile & natura",ir-rabii3,primăvara,spring,da,x1a74778169fb
A1,"Vremea, anotimpurile & natura",es-sef,vara,summer,da,xd2de54501d6b
A1,"Vremea, anotimpurile & natura",L-5ariif,toamna,autumn,da,x4b0f5da2e2bf
A1,"Vremea, anotimpurile & natura",es-sheta,iarna,winter,da,x3615faebbd66
A1,Prezentul verbelor (b- / 3am),mnlee2iya,o găsim,we find it,da,x0c06fd25155f
A1,Prezentul verbelor (b- / 3am),mnlee2iyon,îi / le găsim,we find them,da,x9ea892b6ed21
A1,Familia & oamenii,il-bay,tatăl,the father,da,x8f746ee4d421
A1,Familia & oamenii,il-emm,mama,the mother,da,x2ad8259238b5
A1,Familia & oamenii,il-5ayy,fratele,the brother,da,xfd347d7ae546
A1,Familia & oamenii,il-e5et,sora,the sister,da,xa3dbfdb82d6f
A1,Familia & oamenii,il-walad,copilul,the child,da,x9e32e6de9a0b
A1,Familia & oamenii,il-benet,fata / fiica,the girl / daughter,da,x3c381a2cccec
A1,Culori & descrieri,aswad,negru,black,da,x7d276784aec3
A1,Culori & descrieri,banafsje,mov,purple,da,x73506cff19ef
A1,Culori & descrieri,azra2,albastru,blue,da,xe1383a8b0eee
A1,Culori & descrieri,a7mar,roșu (masculin),red (masculine),da,x8528b4d43d51
A1,Culori & descrieri,asfar,galben,yellow,da,x4b35d63e1d69
A1,Culori & descrieri,abyad,alb,white,da,xf2fc22d39a0b
A1,"Vremea, anotimpurile & natura",Bsh-sheta fi talej,Iarna e zăpadă,In winter there's snow,da,xbb648700a8fb
A1,"Vremea, anotimpurile & natura",B ir-rabii3 is-shajar bizahher,Primăvara copacii înfloresc,In spring the trees blossom,da,xa3e8a956e92f
A1,Culori & descrieri,sayyarto L-7amra,mașina lui roșie,his red car,da,x35d13154f937
A1,Culori & descrieri,warda safra,o floare galbenă,a yellow flower,da,x0ee87898b837
A1,"Vremea, anotimpurile & natura",L-7amemet mnlee2iyon bir-rabii3,Porumbeii îi găsim primăvara,We find pigeons in spring,da,x47f0567dec79
A1,"Vremea, anotimpurile & natura",L-7asharat mnlee2iyon bis-sayf,Insectele le găsim vara,We find insects in summer,da,xe4aa5e396783
A1,"Vremea, anotimpurile & natura",Btshatte b fasel L-5ariif,Plouă toamna,It rains in autumn,da,x8510d440b718
A1,"Vremea, anotimpurile & natura",Es-ski mnlee2i b fasel esh-sheta,Schiul îl găsim iarna,We find skiing in winter,da,x95e35d8ac058
A1,Prezentul verbelor (b- / 3am),ana beshrab,eu beau,I drink,da,xd4d87138d5ce
A1,Prezentul verbelor (b- / 3am),enta bteshrab,tu bei (masculin),you drink (masculine),da,x53e7381c699d
A1,Prezentul verbelor (b- / 3am),ente bteshrabe,tu bei (feminin),you drink (feminine),da,x0a2d4c15d800
A1,Prezentul verbelor (b- / 3am),huwwe byeshrab,el bea,he drinks,da,x21b7b4355a1f
A1,Prezentul verbelor (b- / 3am),hiyye bteshrab,ea bea,she drinks,da,xbefbd20c7bcf
A1,Prezentul verbelor (b- / 3am),ne7na mneshrab,noi bem,we drink,da,x19f964e0f003
A1,Prezentul verbelor (b- / 3am),ento bteshrabo,voi beți,you drink (plural),da,x9801825c463b
A1,Prezentul verbelor (b- / 3am),henne byeshrabo,ei / ele beau,they drink,da,x99de575695af
A1,La restaurant,zbuon,client,customer,da,x4768118f9038
A1,La restaurant,sha5es,persoană,person,da,x831ca8946380
A1,La restaurant,ash5as,persoane,people,da,x2dab67fda6d6
A1,La restaurant,3andkon tawle fadye?,Aveți o masă liberă?,Do you have a free table?,da,x3b90e6f55f44
A1,La restaurant,la sha5es wa7ad,pentru o persoană,for one person,da,xb355c7cdef55
A1,Expresii uzuale de conversație,ma fi meshkle,Nu e nicio problemă,No problem,da,x02440d73a677
A1,La restaurant,badde 3asiir,Vreau suc natural,I want fresh juice,da,xc76de8db8a11
A1,La restaurant,shu kamen?,Ce altceva?,What else?,da,xefab1fe35bf8
A1,La restaurant,shi tene?,Altceva?,Anything else?,da,xa9c703dec033
A1,La restaurant,hayde kil shi?,Asta este tot?,Is that everything?,da,xf5188ef269e9
A1,La restaurant,3am netlob,Noi comandăm,We're ordering,da,x4a4b39a4cdd9
A1,La restaurant,baddik wa2et?,Ai nevoie de timp? (către o femeie),Do you need some time? (to a woman),da,x7e5939ec6cdc
A1,La restaurant,aw beje ba3den?,Sau vin mai târziu?,Or shall I come back later?,da,x2922ba33fdad
A1,La restaurant,bt3rfe shu baddik?,Știi ce vrei? (către o femeie),Do you know what you want? (to a woman),da,x4bbd252f34ac
A1,La restaurant,badde sa7en snitzel ma3 batata piure,Vreau o farfurie de șnițel cu piure de cartofi,I want a plate of schnitzel with mashed potatoes,da,xd049f0105d2e
A1,La restaurant,5alliilik L-meniu hon,Îți las meniul aici (către o femeie),I'll leave the menu here for you (to a woman),da,xf7cf833a30f5
A1,Politețe & prezentare personală,Addesh 3omrik?,Câți ani ai? (către o femeie),How old are you? (to a woman),da,xe890b7f10154
A1,Cuvinte de întrebare,Wen 3eyesh bi Beirut?,Unde locuiești în Beirut? (către un bărbat),Where do you live in Beirut? (to a man),da,x644019757fe5
A1,Politețe & prezentare personală,Shu bt3ref 3anne?,Ce știi despre mine? (către un bărbat),What do you know about me? (to a man),da,xfa673095906e
A1,Mâncare & băuturi,Badde ekol samak,Vreau să mănânc pește,I want to eat fish,da,x5a0c2746b26e
A1,Direcții & locuri în oraș,shmel,nord,north,da,x1c444a9c2e16
A1,Direcții & locuri în oraș,jnuub,sud,south,da,x97a3f0933fea
A1,Direcții & locuri în oraș,shar2,est,east,da,xcd19f01eb297
A1,Direcții & locuri în oraș,8arb,vest,west,da,x2fa0a730d816
A1,Prezentul verbelor (b- / 3am),ana brte7,eu mă odihnesc,I rest,da,x9e96a68b3c23
A1,Prezentul verbelor (b- / 3am),enta bterte7,tu te odihnești (masculin),you rest (masculine),da,x368559f6cb50
A1,Prezentul verbelor (b- / 3am),ente bterte7e,tu te odihnești (feminin),you rest (feminine),da,x67ec85fff3f9
A1,Prezentul verbelor (b- / 3am),huwwe byerte7,el se odihnește,he rests,da,xde31648e42f9
A1,Prezentul verbelor (b- / 3am),hiyye bterte7,ea se odihnește,she rests,da,xd2019a2907e0
A1,Prezentul verbelor (b- / 3am),ne7na mnerte7,noi ne odihnim,we rest,da,xb1a4ee8c7893
A1,Prezentul verbelor (b- / 3am),ento bterte7o,voi vă odihniți,you rest (plural),da,xc6b3dd64d897
A1,Prezentul verbelor (b- / 3am),henne byerte7o,ei / ele se odihnesc,they rest,da,x39583a0057d7
A1,Direcții & locuri în oraș,2ariib,aproape,near,da,xf902af80cbfe
A1,Direcții & locuri în oraș,b3iid,departe,far,da,x8b8b8fb49e7a
A1,Expresii uzuale de conversație,3anjad?,Pe bune?,Really?,da,xf5cb088b8932
A1,Școala & obiecte de clasă,emti7an,examen,exam,da,x7e9525607ca6
A1,Școala & obiecte de clasă,su2aal,întrebare,question,da,xae608fa10989
A1,Școala & obiecte de clasă,jaweeb,răspuns,answer,da,xb0cb8984148b
A1,"Vremea, anotimpurile & natura",el-jaw,vremea / atmosfera,the weather / the atmosphere,da,xc14acd9313d7
A1,"Cumpărături, haine & prețuri",8aale,scump,expensive,da,x8eb298edfe3d
A1,Animale,8anam,oi / ovine,sheep,da,x122af1676298
A1,Culori & descrieri,jdiid,nou,new,da,xa31ba0fecd7b
A1,Culori & descrieri,adiim,vechi,old,da,xe4f368c62538
A1,"Cumpărături, haine & prețuri",tyeb,haine,clothes,da,x370af5bb88ce
A1,Casa & mobilierul,8asiil,rufe / haine la spălat,laundry,da,x1c7081772b93
A1,"Zile, luni & rutina zilnică",Ba3d bukra s-sabet,Poimâine este sâmbătă,The day after tomorrow is Saturday,da,x880a4aede222
A1,Cuvinte de legătură & prepoziții,7awele,în jur de,around / about,da,xbda11e1c82c7
A1,Familia & oamenii,teta,bunica,grandma,da,x111f33413fff
A1,Politețe & prezentare personală,Eza betriid,Te rog (literal: dacă dorești),Please (lit. if you wish),da,x52d28ec6f2a5
A1,Politețe & prezentare personală,Law sama7et,Te rog (literal: dacă permiți),Please (lit. if you allow),da,xb55e273aad8f
A1,Politețe & prezentare personală,Badde 3azzbak,Te rog (formulă de solicitare),Please (request formula),da,x1e80b2c21563
A1,Politețe & prezentare personală,3mol ma3ruf,Fă-mi o favoare / te rog,Do me a favour / please,da,x944b42c63781
A1,Familia & oamenii,ebn,fiu,son,da,x85778aa2f465
A1,Familia & oamenii,benet,fiică,daughter,da,x7bff06330592
A1,Familia & oamenii,jed,bunic,grandfather,da,x36e74070d8dd
A1,Familia & oamenii,teeta,bunică,grandmother,da,x01fc4d8514d9
A1,"Zile, luni & rutina zilnică",3aadatan,de obicei,usually,da,x682f3f6d33b8
A1,"Zile, luni & rutina zilnică",a7yenan,uneori,sometimes,da,x8b1df1ebbec7
A1,"Zile, luni & rutina zilnică",deeyman,mereu,always,da,xa4449bc13edc
A1,"Zile, luni & rutina zilnică",abadan,niciodată,never,da,x67f93e3e0662
A1,Cuvinte de legătură & prepoziții,fawran,imediat,immediately,da,xc4ba60b77a4e
A1,Cuvinte de legătură & prepoziții,ta2riiban,aproximativ,approximately,da,x7ee6edac9f29
A1,Ora,bakkiir,devreme,early,da,xe2352e9d2156
A1,Ora,m2a55ar,târziu,late,da,x0debdb83c906
A1,Expresii uzuale de conversație,akiid,sigur,sure / certainly,da,xacd2a6928db8
A1,Posesivele,shibbekak,fereastra ta (masculin),your window (masculine),da,xeb940ba1dd21
A1,Posesivele,tannourtik,fusta ta (feminin),your skirt (feminine),da,xb7ca7ae331ca
A1,Posesivele,sham3eta,lumânarea ei,her candle,da,x78fd907b04d0
A1,Posesivele,shawketna,furculița noastră,our fork,da,x4ef26a85cfdb
A1,Posesivele,jaraskon,clopotul vostru,your bell (plural),da,x1a94196c17a9
A1,Posesivele,tanjareton,oala lor,their pot,da,xfc01b80bacaf
A1,Posesivele,lo7e,tabla mea,my blackboard,da,xc2cde189b7b9
A1,Posesivele,bree2o,ibricul lui,his kettle,da,x80a508277fb6
A1,Pluralul & dualul,shibbeken,două ferestre,two windows,da,x2f3455f349a5
A1,Pluralul & dualul,sham3ten,două lumânări,two candles,da,xfb2678a9f5d5
A1,Pluralul & dualul,tannourten,două fuste,two skirts,da,x1637f258f50b
A1,Pluralul & dualul,bree2en,două ibrice,two kettles,da,x66b6c5a962fa
A1,Pluralul & dualul,3aynten,exact doi ochi,exactly two eyes,da,x6fd9510c8a0d
A1,Posesivele,Shibbeke kbiir,Fereastra mea este mare,My window is big,da,x63421d612087
A1,Posesivele,Hiyye 3anda tannoura 7elwe,Ea are o fustă frumoasă,She has a pretty skirt,da,xe24b85748565
A1,Posesivele,Ento 3andkon bree2 jdiid bil matba5,Voi aveți un ibric nou în bucătărie,You have a new kettle in the kitchen,da,x2f063227686b
A1,Negația (ma…),Ana ma badde eshrab ahwe halla2,Nu vreau să beau cafea acum,I don't want to drink coffee now,da,xe6bbc561a42e
A1,Negația (ma…),Ma fiina nefta7 l beeb,Nu putem deschide ușa,We can't open the door,da,xa34b52335f25
A1,Școala & obiecte de clasă,Ma3ak ma77aye?,Ai o radieră la tine? (către un bărbat),Do you have an eraser on you? (to a man),da,x5508dcb2a798
A1,Școala & obiecte de clasă,Ana ma3e ma77aye w mastra,Am la mine o radieră și o riglă,I have an eraser and a ruler on me,da,xe415f223bd43
A1,Prezentul verbelor (b- / 3am),Shu 3am ta3mle halla2?,Ce faci acum? (către o femeie),What are you doing now? (to a woman),da,x2e1c9a06f7f9
A1,Cuvinte de întrebare,Aymta baddak l kteb?,Când vrei cartea? (către un bărbat),When do you want the book? (to a man),da,xa6d954aecb5f
A1,Salutări,mar7aba,"salut, bună","hi, hello",da,x6182a406ddff
A1,Salutări,ahla,"salut, bine ai venit","hi, welcome",da,x7d4cc4ff00b3
A1,Salutări,saba7 el 5er,bună dimineața,good morning,da,x7431c5a7c2b5
A1,Salutări,masa el 5er,bună seara,good evening,da,x3dd6f149d752
A1,Salutări,kifak?,ce mai faci? (masculin),how are you? (masculine),da,x1ded20c989f9
A1,Salutări,kifik?,ce mai faci? (feminin),how are you? (feminine),da,x9f980b4b174c
A1,Salutări,mni7,"bine, ok","good, OK",da,xab54e388e56e
A1,Salutări,el 7amdella,mulțumesc lui Dumnezeu (= bine),thank God (= fine),da,x0362cd2f0f72
A1,Politețe & prezentare personală,esme,mă cheamă,my name is,da,x904c16c1cb31
A1,Cuvinte de întrebare,min wayn?,de unde ești?,where are you from?,da,x3b4f5c71e4ac
A1,Naționalități & țări,men lebnen,din Liban,from Lebanon,da,x94a706e66df6
A1,Naționalități & țări,men romania,din România,from Romania,da,x0d1913cf4de0
A1,Politețe & prezentare personală,tsharrafna,încântat de cunoștință,nice to meet you,da,x62c4f360f310
A1,Expresii uzuale de conversație,yalla,"hai, să mergem","come on, let's go",da,xe7c933a10770
A1,Politețe & prezentare personală,shukran,mulțumesc,thank you,da,x98a395e21dda
A1,Politețe & prezentare personală,3afwan,cu plăcere,you're welcome,da,x5fce476650f4
A1,Salutări,ma3 el saleme,la revedere,goodbye,da,xa5e5147a9946
A1,Salutări,bay,"pa, bye",bye,da,x92a7290892f6
A1,Expresii uzuale de conversație,eh,da,yes,da,xccabb1474ab5
A1,Expresii uzuale de conversație,tayyeb,"ok, bine","OK, fine",da,x00cb64964c0b
A1,Expresii uzuale de conversație,meshi,"ok, merge","OK, it's going",da,xc9258783ec23
A1,Cuvinte de legătură & prepoziții,ktir,mult,a lot,da,xc1ca59556885
A1,Familia & oamenii,abe,"tatăl meu, tata","my father, dad",da,xb98e971193a9
A1,Familia & oamenii,emme,mama mea,my mother,da,x04d9024e280d
A1,Familia & oamenii,5ayy,frate,brother,da,xb5f911f60da4
A1,Familia & oamenii,e5et,soră,sister,da,x23bd9d140d24
A1,Familia & oamenii,eben,fiu,son,da,x46cd1dd68bf5
A1,Familia & oamenii,"jedd/ bunicul meu jidde, bunicule.. Jiddo ",bunic,grandfather,da,x255c3b55133a
A1,Familia & oamenii,"sitt/ a mea bunica (sitte) ,, cand o strigi zici teta",bunică,grandmother,da,xbe8e969303a8
A1,Familia & oamenii,3amm,unchi (din partea tatălui),uncle (paternal),da,x50040b4bcb8f
A1,Familia & oamenii,3amme,mătușă (din partea tatălui),aunt (paternal),da,x71a38a6b9278
A1,Familia & oamenii,5al,unchi (din partea mamei),uncle (maternal),da,x3c40a544d218
A1,Familia & oamenii,5ale,mătușă (din partea mamei),aunt (maternal),da,x8fcfff8a0c2c
A1,Posesivele,3ande,am,I have,da,xc4c135f87e96
A1,Negația (ma…),ma 3ande,nu am,I don't have,da,xe54ba0e463df
A1,Cuvinte de întrebare,kam?,câți? câte?,how many?,da,xc4f1f36ef8d1
A1,Numere,wa7ad,unu,one,da,x2a6549d0fe5f
A1,Culori & descrieri,kbir,"mare, în vârstă","big, old (age)",da,x065733b70ce0
A1,Culori & descrieri,z8ir,"mic, tânăr","small, young",da,x16b881929916
A1,Familia & oamenii,metzawwaj,căsătorit,married,da,xae8f502923ab
A1,Familia & oamenii,a3zab,necăsătorit,single,da,x4cae98db11e3
A1,Profesii,shu bte3mel?,ce lucrezi? ce faci?,what do you do? (for work),da,x0a5f2c20978d
A1,Profesii,beshte8el,lucrez,I work,da,x895b1ed64287
A1,Școala & obiecte de clasă,bedrus,studiez,I study,da,x23aba2b25cb9
A1,Profesii,she8el or shu8ol,"muncă, job","work, job",da,x4efbcf532814
A1,Profesii,telmiiz ,student / studentă (masculin),student (masculine),da,x7fdc553b4173
A1,Profesii,telmiize,student / studentă (feminin),student (feminine),da,x7dd3e3041c8c
A1,Profesii,mhandes,inginer,engineer (masculine),da,xc341d8b0e5a0
A1,Profesii,mhandse,ingineră,engineer (feminine),da,xd1817aa5a365
A1,Profesii,duktor sau doktor sau daktor sau diktor ,doctor,doctor (masculine),da,xd250a65f1efe
A1,Profesii,duktora sau doktora sau daktora sau diktora,doctoriță,doctor (feminine),da,x6f43980c305a
A1,Profesii,m3allem,profesor,teacher (masculine),da,x7af8d17bb9db
A1,Profesii,m3allme,profesoară,teacher (feminine),da,x3517990b3e68
A1,Profesii,mu7aame,avocat,lawyer (masculine),da,xf070d65414c9
A1,Profesii,mu7aamiyye,avocată,lawyer (feminine),da,x4fbf8a96fa21
A1,Profesii,mwazzfe,angajată,employee (feminine),da,xfb2ccf587bd8
A1,Profesii,mudiira,manageră,manager (feminine),da,x6fa5aa87077d
A1,Școala & obiecte de clasă,madrase,școală,school,da,xc18c4d1953a5
A1,Școala & obiecte de clasă,jeem3a,universitate,university,da,x6eb2f828de0f
A1,Direcții & locuri în oraș,mat3am,restaurant,restaurant,da,x71287cf9a33a
A1,"Zile, luni & rutina zilnică",bruu7,merg,I go,da,xa2371aa02f33
A1,"Zile, luni & rutina zilnică",berja3,mă întorc,I come back,da,x6883a14aaf9c
A1,"Zile, luni & rutina zilnică",be23od,"stau, rămân",I stay,da,xeece627edeaf
A1,"Zile, luni & rutina zilnică",ba3mel,fac,I do,da,xf81ebe4aa743
A1,"Zile, luni & rutina zilnică",kell yom,în fiecare zi,every day,da,x8d2c86c5acca
A1,"Zile, luni & rutina zilnică",es sobe7,dimineața,in the morning,da,x4bedd85ccd4b
A1,"Zile, luni & rutina zilnică",bel layl,"seara, noaptea","in the evening, at night",da,xee189ab765cb
A1,Cuvinte de întrebare,wen ? ,unde?,where?,da,x8ce55189222c
A1,Direcții & locuri în oraș,hon,aici,here,da,x0d9ca80b6a86
A1,Direcții & locuri în oraș,huniik,acolo,there,da,xbbd35446ed8c
A1,Mâncare & băuturi,akel,mâncare,food,da,xb6e08f062ac5
A1,Mâncare & băuturi,shereb,băutură,drink,da,x7a3a2f6dc25b
A1,Negația (ma…),ma badde,nu vreau,I don't want,da,xf9a1861ea10c
A1,Stări & sentimente,juu3an,flămând/ă (masculin),hungry (masculine),da,x9cdefa44cdf4
A1,Stări & sentimente,juu3ane,flămând/ă (feminin),hungry (feminine),da,x66f36c0e39dd
A1,Mâncare & băuturi,tayyeb,"gustos, bun","tasty, good",da,x081b3e7aaa55
A1,Mâncare & băuturi,tayyeb.. Laziiz in libaneza e mai degraba simpatic.. In araba literara inseamna doar delicios. ,delicios,delicious,da,x9bf1efc6574d
A1,Culori & descrieri,7elo,"dulce, frumos","sweet, nice",da,x2c7fe59c653a
A1,Mâncare & băuturi,7arr,"picant, fierbinte","spicy, hot",da,x372602b48b34
A1,Mâncare & băuturi,mele7 ,sărat,salty,da,x8f587a702987
A1,Mâncare & băuturi,7aamod ,acru,sour,da,x35268654578d
A1,Mâncare & băuturi,hommos,humus,hummus,da,x6d3a79a6019a
A1,Mâncare & băuturi,tabbuule,tabouleh,tabbouleh,da,x8b690768417d
A1,Mâncare & băuturi,fattuush,fattoush (salată),fattoush (salad),da,x5296f53c9c4d
A1,Mâncare & băuturi,kebbe,kibbeh,kibbeh,da,x08c3e48ca08a
A1,Mâncare & băuturi,shawarma,shawarma,shawarma,da,xdc5f32401762
A1,Mâncare & băuturi,faleefel,falafel,falafel,da,x20e2c1999311
A1,Mâncare & băuturi,5ebez,pâine,bread,da,xa167dbacc5c0
A1,Mâncare & băuturi,rezz,orez,rice,da,xadfdc826a07f
A1,Mâncare & băuturi,la7me,carne,meat,da,xfddd3104e468
A1,Mâncare & băuturi,djeej,pui,chicken,da,x8e2c1ba5ae21
A1,Mâncare & băuturi,samak,pește,fish,da,x6dab64e3e861
A1,Mâncare & băuturi,ahwe,cafea,coffee,da,x822ed0d6d014
A1,Mâncare & băuturi,shay,ceai,tea,da,x52bcb111d15e
A1,Mâncare & băuturi,mayy,apă,water,da,x5bd0094a48ef
A1,Mâncare & băuturi,3asir,suc,juice,da,x740a1c2f6a11
A1,Cuvinte de întrebare,wayn?,unde?,where?,da,x18bcb2b49a26
A1,Direcții & locuri în oraș,2arib,"aproape, lângă","near, close by",da,xf20fdf8ee910
A1,Direcții & locuri în oraș,b3id,departe,far,da,x50dce626fb43
A1,Direcții & locuri în oraș,yamiin,dreapta,right,da,x4741b1bae5ed
A1,Direcții & locuri în oraș,shmel,stânga,left,da,x6ba8410c7b65
A1,Direcții & locuri în oraș,dou8ri,drept înainte,straight ahead,da,xb6d2c987141d
A1,Direcții & locuri în oraș,7add,"lângă, alături","next to, beside",da,x320eec753193
A1,Direcții & locuri în oraș,2oddem,în fața,in front of,da,xdae1323589a1
A1,Direcții & locuri în oraș,fo2,"deasupra, sus","above, up",da,x9fc5907c70de
A1,Direcții & locuri în oraș,ta7et,"dedesubt, jos","below, down",da,x9e556d016d17
A1,Direcții & locuri în oraș,share3,stradă,street,da,xd1b8a921e852
A1,Direcții & locuri în oraș,tari2,"drum, cale","road, way",da,x36724f9d9827
A1,Transport,m7atta,stație,station,da,xd8fea9b214a1
A1,Transport,maw2af,"parcare, stație","car park, stop",da,x4b7efa0db389
A1,Direcții & locuri în oraș,ishara,semafor,traffic light,da,x7235134aa303
A1,Direcții & locuri în oraș,"dewwar sau rond-point (ronpoin""",sens giratoriu,roundabout,da,x28414f232fb9
A1,Direcții & locuri în oraș,beneeye,clădire,building,da,xbaade7a4ab7f
A1,Casa & mobilierul,taabe2,etaj,floor (storey),da,x445a7aa86777
A1,Casa & mobilierul,mas3ad,"lift, ascensor",lift,da,x1ce81fb51288
A1,"Cumpărături, haine & prețuri",Addesh 7a22o?,cât costă?,how much is it?,da,x0a0605336386
A1,"Cumpărături, haine & prețuri",r5iis,ieftin,cheap,da,xafa06a3481ec
A1,"Cumpărături, haine & prețuri",beshtre,cumpăr,I buy,da,xe959dfce835d
A1,"Cumpărături, haine & prețuri",bbi3,vând,I sell,da,x81865b7a0adb
A1,Demonstrativele,hayda,acesta (m),this (m.),da,xf425c9a8eed6
A1,Demonstrativele,hayde,aceasta (f),this (f.),da,x91b5f568058b
A1,Culori & descrieri,loon,culoare,colour,da,xb581fadf0e2e
A1,Culori & descrieri,a7mar,roșu,red,da,x3fef2dbbaee1
A1,Culori & descrieri,a5dar,verde,green,da,x6a7a2de5077f
A1,"Cumpărături, haine & prețuri",wasat,mediu,medium,da,xd265991136f7
A1,"Cumpărături, haine & prețuri",kiilo,kilogram,kilogram,da,xd1c19378e58f
A1,"Cumpărături, haine & prețuri",liira,liră (monedă),lira (currency),da,xdfa6aa74aec9
A1,"Cumpărături, haine & prețuri",dollar,dolar,dollar,da,x401ec348e41a
A1,"Cumpărături, haine & prețuri",ta5fiid,reducere,discount,da,x31804f5d0e6b
A1,Culori & descrieri,2adiim,vechi,old,da,x96f2969c6e46
A1,Culori & descrieri,beshi3,urât,ugly,da,xd74aa032f053
A1,"Cumpărături, haine & prețuri",suu2,"piață, souk","market, souk",da,x98fedefa5eaa
A1,Prezentul verbelor (b- / 3am),3am,marker prezent continuu,present continuous marker,da,xd8ddac1570b9
A1,Prezentul verbelor (b- / 3am),shu 3am ta3mel?,ce faci (acum)?,what are you doing (now)?,da,xbfcc56eef880
A1,Prezentul verbelor (b- / 3am),bektob,scriu,I write,da,x825d1da83755
A1,Prezentul verbelor (b- / 3am),betfarraj,mă uit,I watch,da,x41f9dead4ca8
A1,Prezentul verbelor (b- / 3am),besma3,ascult,I listen,da,xe9e5d7aa6974
A1,Prezentul verbelor (b- / 3am),bel3ab,mă joc,I play,da,x1db9ceac6e91
A1,Prezentul verbelor (b- / 3am),bnem,dorm,I sleep,da,x53869272a849
A1,Prezentul verbelor (b- / 3am),bs7a,mă trezesc,I wake up,da,x3d460ee5e6fe
A1,Prezentul verbelor (b- / 3am),bel7a2,ajung din urmă,I catch up,da,x82bc8b8987a7
A1,Prezentul verbelor (b- / 3am),bestanna,aștept,I wait,da,xbafd14391c56
A1,Prezentul verbelor (b- / 3am),bfakker,mă gândesc,I think,da,x1aff9306bc0a
A1,Prezentul verbelor (b- / 3am),be7ke,vorbesc,I speak,da,x2bbac168f6e1
A1,Prezentul verbelor (b- / 3am),bed7ak,râd,I laugh,da,x0e743be6b2ab
A1,Prezentul verbelor (b- / 3am),bebke,plâng,I cry,da,x84384e75a8fd
A1,"Zile, luni & rutina zilnică",ba3dayn,mai târziu,later,da,xed9a967d5fe6
A1,Stări & sentimente,mash8ul,ocupat,busy,da,x19b1917e7ae5
A1,Stări & sentimente,fade,"liber, disponibil","free, available",da,xf5171178fa28
A1,"Zile, luni & rutina zilnică",embere7,ieri,yesterday,da,xc88300c82c5c
A1,"Zile, luni & rutina zilnică",awwal embere7,alaltăieri,the day before yesterday,da,x66e051540045
A1,Cuvinte de legătură & prepoziții,2abel,"înainte, acum (timp)","before, ago",da,xc76bf619c2be
A1,Cuvinte de legătură & prepoziții,ba3ed,după,after,da,xb84b62c6dbcc
A1,Ora,wa2et,"timp, moment","time, moment",da,x4c3311a8388d
A1,Expresii uzuale de conversație,3ade,"normal, ok","normal, OK",da,x6f7528c7e61d
A1,Expresii uzuale de conversație,mish mushkile,nu e problemă,no problem,da,xa376c28995a3
A1,Expresii uzuale de conversație,mushkile,problemă,problem,da,x3d12a1ab4d6b
A1,Expresii uzuale de conversație,mushkle,problemă,problem,da,x0044bea72d8a
A1,Expresii uzuale de conversație,7all,soluție,solution,da,xe443fc8daf8b
A1,"Vremea, anotimpurile & natura",ta2es,vreme,weather,da,x45a351e1c720
A1,"Vremea, anotimpurile & natura",shete,ploaie,rain,da,xd7e5f0d3edca
A1,"Vremea, anotimpurile & natura",shames,soare,sun,da,xdb915085e9ca
A1,"Vremea, anotimpurile & natura",bard,frig,cold,da,x58539ee1c0a3
A1,"Zile, luni & rutina zilnică",ba3ed bukra,poimâine,the day after tomorrow,da,xcb501c8e3f4e
A1,Salutări,Mar7aba,Salut,Hello,da,x3685b119cbd1
A1,Salutări,Ahlan wa sahlan or just ahla w sahla,Bine ai venit,Welcome,da,x60c6bc88d84b
A1,Salutări,Kifak?,Ce mai faci? (către un bărbat),How are you? (to male),da,x9433cd71680f
A1,Salutări,Kifik?,Ce mai faci? (către o femeie),How are you? (to female),da,x17dcef42da02
A1,Salutări,Mnii7,Bine,Fine / Good,da,xc62c97fd9637
A1,Salutări,Ma3es-saleeme,La revedere,Goodbye,da,x35aaf0d865ce
A1,Cuvinte de întrebare,Addeesh,Cât? Câți? Câte?,How many?,da,xec8f083a4cd0
A1,Familia & oamenii,bayy,Tată,Father,da,x9e1c5523d176
A1,Familia & oamenii,emm,Mamă,Mother,da,x3e1ff3d7692a
A1,Familia & oamenii,Ekhet,Soră,Sister,da,xdb465329a8d1
A1,Mâncare & băuturi,Shaay,Ceai,Tea,da,x8415d07c64f3
A1,Mâncare & băuturi,Khebez,Pâine,Bread,da,x9daa84df1971
A1,Mâncare & băuturi,Tayyeb kteer,Foarte gustos,Very Delicious,da,xeb8d03ee64bf
A1,"Zile, luni & rutina zilnică",Bfii2,Mă trezesc,I wake up,da,xa69ead219ce5
A1,"Zile, luni & rutina zilnică",Btrawwa2,Iau micul dejun,I eat breakfast,da,xe1bc4cae5ebe
A1,"Zile, luni & rutina zilnică",Bru7 3ala el sheghel,Merg la serviciu,I go to work,da,xeb0f3f67e791
A1,"Zile, luni & rutina zilnică",Barja3 3al bet,Mă întorc acasă,I come home,da,xbf9e7cb329bc
A1,Casa & mobilierul,Ouuda,Cameră,Room,da,x32230b8881bc
A1,Casa & mobilierul,Ta5et,Pat,Bed,da,x65ad4043acd8
A1,Casa & mobilierul,Tawle,Masă,Table,da,x993325b00554
A1,Ora,Addesh el sa3a?,Cât este ceasul?,What time is it?,da,x460ce021a312
A1,"Zile, luni & rutina zilnică",El tanen,Luni,Monday,da,x11bc83a69879
A1,"Zile, luni & rutina zilnică",El jom3a,Vineri,Friday,da,x759460246970
A1,"Zile, luni & rutina zilnică",El yom,Astăzi,Today,da,xc859ba62078e
A2,Comparative & superlative,2aktar,Mai mult,More,da,cc73bad3fd6b1
A2,Descrierea persoanelor,Ba5iil,Zgârcit,Stingy,da,c4b4654974050
A2,Descrierea persoanelor,8abe,Prost / idiot,Stupid / idiot,da,cf9ebabeb1dd7
A2,"Verbe modale & dorințe (badd-, leezem, fii)",Ana badde,Eu vreau.,I want.,da,cefbe454ac938
A2,"Verbe modale & dorințe (badd-, leezem, fii)",Enta baddak,Tu vrei. (masculin),You want. (masculine),da,cefa84049a7a4
A2,"Verbe modale & dorințe (badd-, leezem, fii)",Ente baddik,Tu vrei. (feminin),You want. (feminine),da,c21a62e29e228
A2,"Verbe modale & dorințe (badd-, leezem, fii)",Huwwe baddo,El vrea.,He wants.,da,c5bed6d490872
A2,"Verbe modale & dorințe (badd-, leezem, fii)",Heyye badda,Ea vrea.,She wants.,da,c039cd41010b1
A2,"Verbe modale & dorințe (badd-, leezem, fii)",Ne7na baddna,Noi vrem.,We want.,da,c01a22caa2619
A2,"Verbe modale & dorințe (badd-, leezem, fii)",Ento baddkon,Voi vreți.,You want. (plural),da,c59440d5cd5fe
A2,"Verbe modale & dorințe (badd-, leezem, fii)",Henne baddon,Ei / Ele vor.,They want.,da,c81b7ef89aeb6
A2,"Verbe modale & dorințe (badd-, leezem, fii)",Shu baddak a3mel?,Ce vrei să fac? (către un băiat),What do you want me to do? (to a boy),da,cebbb96c89e17
A2,"Verbe modale & dorințe (badd-, leezem, fii)","Lesh baddak a3mel hek? (more correct lesh baddak yeene a3mel hek, and a3mel can be a3mol, a3mil,etc)",De ce vrei să fac așa? (către un băiat),Why do you want me to do that? (to a boy),da,c31e60166c319
A2,Descrierea persoanelor,Zaké,Deștept,Smart (masculine),da,cd990a8637993
A2,Descrierea persoanelor,Zakiyyé,Deșteaptă,Smart (feminine),da,ca40fd8b9d552
A2,"Verbe modale & dorințe (badd-, leezem, fii)",Fiye,Pot,I can,da,cfd5d81647a10
A2,"Verbe modale & dorințe (badd-, leezem, fii)",Fik,Poți (masculin),You can (masculine),da,c3d830be84726
A2,"Verbe modale & dorințe (badd-, leezem, fii)",Fike,Poți (feminin),You can (feminine),da,cfa3d67824f44
A2,"Verbe modale & dorințe (badd-, leezem, fii)",Fi sau Fiyo/Fio,El poate,He can,da,c7f6f199d24f1
A2,"Verbe modale & dorințe (badd-, leezem, fii)",Fiiha sau Fia,Ea poate,She can,da,c079e477d2238
A2,"Verbe modale & dorințe (badd-, leezem, fii)",Fiina,Putem,We can,da,c88f551c69f16
A2,"Verbe modale & dorințe (badd-, leezem, fii)",Fikon,Puteți,You can (plural),da,c69bc508f20a9
A2,"Verbe modale & dorințe (badd-, leezem, fii)",Fihon sau Fiyon /Fion,Ei / Ele pot,They can,da,c78374a3cb839
A2,"Verbe modale & dorințe (badd-, leezem, fii)",Badde,Vreau,I want,da,ccebe884fcfe6
A2,"Verbe modale & dorințe (badd-, leezem, fii)",Baddak,Vrei (masculin),You want (masculine),da,ccbca64bc0256
A2,"Verbe modale & dorințe (badd-, leezem, fii)",Baddik,Vrei (feminin),You want (feminine),da,cd568f900d120
A2,"Verbe modale & dorințe (badd-, leezem, fii)",Baddo,El vrea,He wants,da,c7c6b819eb5da
A2,"Verbe modale & dorințe (badd-, leezem, fii)",Badda,Ea vrea,She wants,da,c8a4169c0a131
A2,"Verbe modale & dorințe (badd-, leezem, fii)",Baddna,Vrem,We want,da,cda23ff8c89b1
A2,"Verbe modale & dorințe (badd-, leezem, fii)",Baddkon,Vreți,You want (plural),da,c2910dbffcc06
A2,"Verbe modale & dorințe (badd-, leezem, fii)",Baddon,Ei / Ele vor,They want,da,c79df693fe9b0
A2,Viitorul (ra7),7a ykun,El va fi,He will be,da,c2c3b6cf0a52f
A2,Viitorul (ra7),7a tkun,Ea va fi,She will be,da,c912a6ae58a36
A2,"Verbe modale & dorințe (badd-, leezem, fii)",Halla2 badde eshrab mayy,Acum vreau să beau apă.,Now I want to drink water.,da,cbad0a6fa22ac
A2,"Hobby-uri, sport & timp liber",Shatranj sau shataranj,Șah,Chess,da,c91157c6d254e
A2,"Hobby-uri, sport & timp liber",Kamanja,Vioară,Violin,da,cd2d253024760
A2,"Hobby-uri, sport & timp liber",Accordion,Acordeon,Accordion,da,c76dd276c09ee
A2,"Hobby-uri, sport & timp liber",2reeye,Citire,Reading,da,c3a61998f771b
A2,"Hobby-uri, sport & timp liber",Ish-Shatranj,șahul,the chess,da,c53d4c5769c7d
A2,"Hobby-uri, sport & timp liber",L-Kamanja,vioara,the violin,da,ca88b7c111ae1
A2,"Hobby-uri, sport & timp liber",L-Accordion,acordeonul,the accordion,da,cb98e92b3412a
A2,"Hobby-uri, sport & timp liber",L-2reye,cititul,the reading,da,c0994fd0db67b
A2,La doctor & farmacie,Sa3al,El a tușit.,He coughed.,da,c8414ab1b93ec
A2,Comparative & superlative,A7san,Mai bine,Better,da,c12d5c76edef2
A2,Sărbători & expresii culturale libaneze,3ayb,Rușine,Shame,da,ce26f41bf3ed1
A2,Emoții & opinii,7obb,Iubire,Love,da,c89ce2a013e27
A2,Sărbători & expresii culturale libaneze,Saleemtak,Însănătoșire grabnică! (către un băiat),Get well soon! (to a boy),da,cbb080a3a8734
A2,Sărbători & expresii culturale libaneze,Saleemtik,Însănătoșire grabnică! (către o fată),Get well soon! (to a girl),da,c91180a30bf4d
A2,Sărbători & expresii culturale libaneze,Salametkon,Însănătoșire grabnică! (către mai mulți),Get well soon! (to several people),da,c069a21e8674c
A2,Sărbători & expresii culturale libaneze,Alla ysalmak,Mulțumesc pentru urarea de sănătate. (către un băiat),Thanks for the good wishes. (to a boy),da,cb2851c8dc94e
A2,"Verbe modale & dorințe (badd-, leezem, fii)",Shu baddak ta3mel halla2?,Ce vrei să faci acum? (către un băiat),What do you want to do now? (to a boy),da,ce0587c2b311c
A2,Descrierea persoanelor,8ane,Bogat,Rich,da,c5bec2a2909b5
A2,"Hobby-uri, sport & timp liber",8inniye,Cântec,Song,da,c0b6fb7e75738
A2,"Hobby-uri, sport & timp liber",A8aane,Cântece,Songs,da,c8535fcaed615
A2,"Verbe modale & dorințe (badd-, leezem, fii)",Badde ruu7 3al kniise,Vreau să merg la biserică.,I want to go to church.,da,c00b675fc52f6
A2,"Verbe modale & dorințe (badd-, leezem, fii)",Lezem edrus lal emti7en,Trebuie să studiez pentru examen.,I have to study for the exam.,da,cc311f190c0d5
A2,Trecutul verbelor,Ken fiyye ruu7 bas ma ken badde,"Puteam să merg, dar nu voiam.","I could go, but I didn't want to.",da,ce0b75c7d4286
A2,Trecutul verbelor,Ken 3ande sayyara 2adiime,Aveam o mașină veche.,I had an old car.,da,c756a833761d5
A2,Trecutul verbelor,Ken ma3e masare min shway,Aveam bani la mine acum puțin timp.,I had money on me a little while ago.,da,cff77bca18a6a
A2,Propoziții relative (illi / yalle),Yalle,Care / pe care / cel care,Which / that / who,da,c7663ed1b0e3f
A2,Propoziții relative (illi / yalle),Lkteb yalle 2areto,Cartea pe care am citit-o,The book I read,da,ca5fc629f6f5a
A2,Propoziții relative (illi / yalle),Lbet yalle 3ayesh fi,Casa în care locuiesc,The house I live in,da,c5015e854f99e
A2,Propoziții relative (illi / yalle),Lbenet yalle 7keet ma3a,Fata cu care am vorbit,The girl I talked to,da,c0becc491e7e7
A2,Propoziții relative (illi / yalle),Zzalame yalle 7keet 3anno,Bărbatul despre care am vorbit,The man I talked about,da,cda7091ac02d0
A2,"Conectori & condiționalul (eza, bass, la2an or la2en) la2en or la2an can be also la2enno or la2anno",Eza,Dacă (situație reală / posibilă),If (real / possible),da,c562610a5dfd5
A2,"Conectori & condiționalul (eza, bass, la2an or la2en) la2en or la2an can be also la2enno or la2anno",Eza betriid bjiblak may,"Dacă vrei, îți aduc apă.","If you like, I'll bring you water.",da,c5987c363bf91
A2,Trecutul verbelor,Fata7,A deschis (forma I),He opened (Form I),da,cfadc65516130
A2,Trecutul verbelor,Kasar,A spart (forma I),He broke (Form I),da,c4b079b1349bc
A2,Trecutul verbelor,2ata3,A tăiat (forma I),He cut (Form I),da,cd5949b6700e9
A2,Trecutul verbelor,Daraset,Eu am studiat.,I studied.,da,c3fa1d55b95f4
A2,Viitorul (ra7),Ra7 edrus,Eu voi studia.,I will study.,da,ce165edc1d21e
A2,Trecutul verbelor,Re7et,Eu am mers.,I went.,da,c29b1420cda90
A2,Viitorul (ra7),Ra7 ruu7,Eu voi merge.,I will go.,da,c028d73358825
A2,Trecutul verbelor,Akalet,Eu am mâncat.,I ate.,da,c51a1990604c8
A2,Viitorul (ra7),Ra7 ekol,Eu voi mânca.,I will eat.,da,cae4dff79415e
A2,Trecutul verbelor,Shta8alet,Eu am lucrat.,I worked.,da,cb33bd5c08b22
A2,Viitorul (ra7),Ra7 eshte8el,Eu voi lucra.,I will work.,da,c28ef63dbf559
A2,Trecutul verbelor,Ghanneet,Eu am cântat.,I sang.,da,c373111ac87cf
A2,Viitorul (ra7),Ra7 ghanne,Eu voi cânta.,I will sing.,da,cc847f104661a
A2,"Hobby-uri, sport & timp liber",Camera,Aparat foto,Camera,da,c4f3fa467a043
A2,"Hobby-uri, sport & timp liber",Zaher,Zaruri,Dice,da,ccc1b85b4d902
A2,"Hobby-uri, sport & timp liber",Shataranj,Șah,Chess,da,c5ae07d227741
A2,"Hobby-uri, sport & timp liber",Jariide,Ziar,Newspaper,da,ca7aa6b7fca23
A2,"Hobby-uri, sport & timp liber",Internet,Internet,Internet,da,c6b253b75e0f3
A2,"Hobby-uri, sport & timp liber",Kotob,Cărți,Books,da,c663008e7d983
A2,"Hobby-uri, sport & timp liber",Guitar,Chitară,Guitar,da,ccbe0a3adbb8e
A2,"Hobby-uri, sport & timp liber",Harmonica,Muzicuță,Harmonica,da,ce9fd45d40255
A2,"Hobby-uri, sport & timp liber",Guitaar,Chitară,Guitar,da,c2e69cf516f1d
A2,"Hobby-uri, sport & timp liber",Piano,Pian,Piano,da,c8bb945ba8b99
A2,"Hobby-uri, sport & timp liber",Drums,Tobe,Drums,da,c04ad6f3c0db0
A2,"Hobby-uri, sport & timp liber",Flute,Flaut,Flute,da,c73939fe240cc
A2,"Hobby-uri, sport & timp liber",Saxophone,Saxofon,Saxophone,da,c0ce40a452bcf
A2,"Hobby-uri, sport & timp liber",Org,Claviatură / orgă,Keyboard / organ,da,caaf0dd05a6e2
A2,Sărbători & expresii culturale libaneze,Le3be,Păpușă / jucărie,Doll / toy,da,cc529cd0216b5
A2,Sărbători & expresii culturale libaneze,Sham3a,Lumânare,Candle,da,c0acc8e511835
A2,Sărbători & expresii culturale libaneze,Mask,Mască,Mask,da,c5ada18a683c5
A2,Sărbători & expresii culturale libaneze,Ballon,Balon,Balloon,da,ce28517e54bdf
A2,Sărbători & expresii culturale libaneze,Hdiyye,Cadou,Gift,da,c9d4aab84ea11
A2,"Hobby-uri, sport & timp liber",Goal,Poartă (sport),Goal (sport),da,c8b32ddc66ddf
A2,"Hobby-uri, sport & timp liber",Mal3ab football,Teren de fotbal,Football pitch,da,cbd499f2df25a
A2,"Călătorii, aeroport & hotel",Hotel,Hotel,Hotel,da,c6e83d143e033
A2,"Călătorii, aeroport & hotel",Mataar,Aeroport,Airport,da,c3cd9bcacf827
A2,"Hobby-uri, sport & timp liber",Sbe7a,Înot,Swimming,da,c0659c4ac28ea
A2,"Hobby-uri, sport & timp liber",Ghates,Scufundări,Diving,da,c6b17bc0a45cd
A2,"Hobby-uri, sport & timp liber",Bowling,Bowling,Bowling,da,c5d8f658c9338
A2,"Hobby-uri, sport & timp liber",Boxing,Box,Boxing,da,c189b78ea492e
A2,"Hobby-uri, sport & timp liber",Rokoob bisklette,Mers pe bicicletă,Cycling,da,c342f6c720e1a
A2,"Hobby-uri, sport & timp liber",Badminton,Badminton,Badminton,da,c7fb0b4f77358
A2,"Hobby-uri, sport & timp liber",Raked,Alergare,Running,da,c4bac955db25a
A2,"Hobby-uri, sport & timp liber",Rokoob 2amwej,Surf,Surfing,da,c594b5e409328
A2,"Hobby-uri, sport & timp liber",Cricket,Cricket,Cricket,da,ce1c3e536a923
A2,"Hobby-uri, sport & timp liber",Ping pong,Tenis de masă,Table tennis,da,cd0abd5fa6de1
A2,"Hobby-uri, sport & timp liber",Football,Fotbal,Football,da,cd0b949fd8c3c
A2,"Hobby-uri, sport & timp liber",Volleyball,Volei,Volleyball,da,cb52a643323af
A2,"Hobby-uri, sport & timp liber",Basketball,Baschet,Basketball,da,c4ac1ab2702be
A2,"Hobby-uri, sport & timp liber",Mosara3a,Lupte,Wrestling,da,cf82581fe02e3
A2,"Hobby-uri, sport & timp liber",Sed,Vânătoare,Hunting,da,c3d449eef4bca
A2,"Verbe modale & dorințe (badd-, leezem, fii)",Fina ni7dar tilvizyon bel salon,Putem să ne uităm la televizor în sufragerie.,We can watch TV in the living room.,da,cf33e6ee3f5e4
A2,"Verbe modale & dorințe (badd-, leezem, fii)",Fik totbo5 b matba5,Poți să gătești într-o bucătărie. (masculin),You can cook in a kitchen. (masculine),da,cf18935ce7012
A2,"Verbe modale & dorințe (badd-, leezem, fii)",Fina nfarshe snenna bel 7ammem,Putem să ne spălăm pe dinți în baie.,We can brush our teeth in the bathroom.,da,cb2502c0d0c75
A2,"Verbe modale & dorințe (badd-, leezem, fii)",Fina nishtre faweke min l soo2,Putem cumpăra fructe de la piață.,We can buy fruit at the market.,da,c6e889b645828
A2,"Hobby-uri, sport & timp liber",Kilna 3anna hiweyet,Cu toții avem hobby-uri.,We all have hobbies.,da,c4dea1db4d529
A2,"Hobby-uri, sport & timp liber",L mosee2a bit2arrebna min ba3ed,Muzica ne apropie unii de alții.,Music brings us closer together.,da,c6f671a54d9bb
A2,Sărbători & expresii culturale libaneze,Mnir2os b 7aflet,Dansăm la petreceri.,We dance at parties.,da,c8f525251112f
A2,Muncă & birou,Mna3mil sh7oonet 3al bor,Facem expedieri în port.,We do shipments at the port.,da,c57f2df0be31d
A2,Trecutul verbelor,2ebel,a accepta,he accepted,da,cb36a32fb75e3
A2,Trecutul verbelor,rattab,a aranja,he arranged,da,cc1857afb1c00
A2,Trecutul verbelor,wasal,a ajunge,he arrived,da,c7d3e1a5cb910
A2,Trecutul verbelor,toli3,a urca,he ascended,da,c717e4a3a55d3
A2,Trecutul verbelor,sa2al,a întreba,he asked,da,c4674e6cd1d34
A2,Trecutul verbelor,zed,a adăuga,he added,da,c34ff24e4576c
A2,Trecutul verbelor,zabbit,a regla,he adjusted,da,c50ae053db46d
A2,Trecutul verbelor,se3ad,a ajuta,he assisted,da,cca5230a282e9
A2,Trecutul verbelor,7aawal,a încerca,he attempted,da,c4e4cecc29cb1
A2,Trecutul verbelor,7odir,a participa; a fi prezent,he attended,da,ca065058ef08c
A2,Trecutul verbelor,keber,a îmbătrâni,he got old,da,cd3857a61ce44
A2,Trecutul verbelor,wefa2,a fi de acord,he agreed,da,c86c1bef44f59
A2,Trecutul verbelor,sama7,a permite,he allowed,da,ccb5d67358bf5
A2,Trecutul verbelor,5abaz,a coace,he baked,da,c6cdd313196ff
A2,La doctor & farmacie,3assab,a bandaja,he bandaged,da,c5ef4d06c70a8
A2,Sărbători & expresii culturale libaneze,3ammad,a boteza,he baptized,da,c339c75cd89c6
A2,Trecutul verbelor,za3aj,a deranja,he annoyed,da,c12dea8db7b65
A2,Trecutul verbelor,t7ammam,a face baie,he bathed,da,cf2fecb69ba85
A2,Trecutul verbelor,jewab,a răspunde,he answered,da,c6c17ec7f5fe1
A2,Trecutul verbelor,darab,a lovi,"he beat, hit",da,cd6a643203eff
A2,Trecutul verbelor,3tazar,a-și cere scuze,apologise,da,c37c3e4191b58
A2,Trecutul verbelor,saar,a deveni,he became,da,c441a78dc2888
A2,Trecutul verbelor,jeb,a aduce,he brought,da,c2caa6f287b73
A2,La doctor & farmacie,5adash,a zgâria; a răni superficial,he bruised,da,c7e3281fac977
A2,Trecutul verbelor,ballash,a începe,he began,da,c08134fc8377f
A2,Trecutul verbelor,3ammar,a construi,he built,da,c3276af6edbbf
A2,Trecutul verbelor,sadda2,a crede,he believed,da,cbbf98d238ef0
A2,Trecutul verbelor,7ara2,a arde,he burned,da,c47587893b761
A2,Trecutul verbelor,wadda3,a-și lua rămas-bun,bid farewell,da,c3dbff5f2a689
A2,Trecutul verbelor,7asab,a calcula,he calculated,da,ced4e2e0eaa94
A2,Trecutul verbelor,neda,a striga pe cineva,he called out,da,c77e2fc2a37a6
A2,Trecutul verbelor,3ad,a mușca,he bit,da,c3765e66edc5b
A2,Trecutul verbelor,samma,a numi,"he named, called",da,cab80f42cb87a
A2,La doctor & farmacie,damma,a sângera,he bled,da,cdb1aa748c2c5
A2,Conversații la telefon,talfan,a suna la telefon,he phoned,da,c0a9f2924cf44
A2,Sărbători & expresii culturale libaneze,berak,a binecuvânta,he blessed,da,c6d2ef70174c5
A2,Descrierea persoanelor,2a3ma,orb,blind,da,c411fb49777a6
A2,Programări & întâlniri,yelghe,a anula,he cancels,da,cccf0a50fa002
A2,Trecutul verbelor,sakkar,a bloca,he blocked,da,ced457968f948
A2,Trecutul verbelor,ye7mol,a duce; a căra,he carries,da,c26f218fac884
A2,Trecutul verbelor,nafa5,a sufla,he blew,da,c926a1cb30986
A2,Trecutul verbelor,la2at,a prinde,he caught,da,cfff3833b78d2
A2,"Călătorii, aeroport & hotel",toli3,a urca într-un mijloc de transport,he boarded,da,c1bdc8421bba5
A2,Sărbători & expresii culturale libaneze,7tafal,a sărbători,he celebrated,da,ca44a997d2dbe
A2,Trecutul verbelor,ghayyar,a schimba,he changed,da,cfbc2cde4ec06
A2,"Călătorii, aeroport & hotel",kteb,carte,book,da,cce8cb553d12e
A2,Bani & bănci,sarraf,a schimba bani,he changed money,da,ca5ff7bb561b3
A2,Trecutul verbelor,5ele2,a se naște,he was born,da,c887787742ad3
A2,Trecutul verbelor,le7a2,a urmări,he chased,da,c6048cac567a8
A2,Trecutul verbelor,raaja3,a verifica,he checked,da,cb7a2bd71322a
A2,Trecutul verbelor,kasar,a sparge; a rupe,he broke,da,cda7a785379ce
A2,Trecutul verbelor,3alak,a mesteca,he chewed,da,ca96ce2cd155b
A2,La doctor & farmacie,tnafas,a respira,he breathed,da,cfcb791754622
A2,Trecutul verbelor,na22a,a alege,he chose,da,ce759a758dbf3
A2,Trecutul verbelor,kammal,a continua,he continued,da,c56516c63e58b
A2,Trecutul verbelor,naddaf,a curăța,he cleaned,da,c8958822f03da
A2,Trecutul verbelor,naddaf,a curăța; a elibera un loc,he cleared,da,c0f6b76e508dc
A2,Trecutul verbelor,taba5,a găti,he cooked,da,cd879774f8e3f
A2,Trecutul verbelor,nasa5,a copia,he copied,da,c1ebb16c81421
A2,Trecutul verbelor,zabbat,a corecta,he corrected,da,c4e7791aea776
A2,Trecutul verbelor,sakkar,a închide,he closed,da,ce5b7b3e3dc8b
A2,La doctor & farmacie,sa3al,a tuși,he coughed,da,cb8eab25dabe7
A2,Trecutul verbelor,3ad,a număra,he counted,da,c6c762a0e246a
A2,Trecutul verbelor,jamma3,a aduna,he collected,da,c3dd2ad4b9836
A2,Trecutul verbelor,ghatta,a acoperi,he covered,da,c3892f7f14ed9
A2,Trecutul verbelor,lawwan,a colora,he coloured,da,caa332c09625e
A2,Trecutul verbelor,farsha,a pieptăna,he combed,da,c582fc7823892
A2,Trecutul verbelor,2eja,a veni,he came,da,c59b7333e0603
A2,Trecutul verbelor,3emel,a crea,he created,da,c62067480c25d
A2,Trecutul verbelor,2ata3,a traversa,he crossed,da,c84cce915fb06
A2,Comparative & superlative,2aaran,a compara,he compared,da,c141bb1747947
A2,Trecutul verbelor,beke,a plânge,he cried,da,c5f896326523f
A2,La doctor & farmacie,3aalaj,a trata; a vindeca,he cured,da,c524743a42dcc
A2,Trecutul verbelor,5allas,a termina,he completed,da,c3f46a9dfa5a4
A2,Trecutul verbelor,2as,a tăia,he cut,da,cc14c9164a699
A2,"Hobby-uri, sport & timp liber",ra2as,a dansa,he danced,da,c7dcfe7130a9f
A2,Trecutul verbelor,2arrar,a decide,he decided,da,ca3e4ac38bfba
A2,Trecutul verbelor,nazzal,a scădea; a reduce,he decreased,da,c3a40de8b6b6a
A2,Conversații la telefon,ttasal,a lua legătura,he connected,da,c935078a71116
A2,Programări & întâlniri,2ajjal,a amâna,he delayed,da,c7254652fbce2
A2,Conversații la telefon,ttasal,a contacta,he contacted,da,cf9c3f73bcd08
A2,Trecutul verbelor,sallam,a preda; a livra,he delivered,da,c226e92e6e53e
A2,Trecutul verbelor,nashaf,a se usca,he dried,da,c731320af4ada
A2,Bani & bănci,2abad,a încasa; a câștiga bani,he earned,da,c90e70c853240
A2,Trecutul verbelor,fal,a pleca,"he departed, left",da,cc62040093860
A2,Trecutul verbelor,2akal,a mânca,he ate,da,c01ce128bb359
A2,Trecutul verbelor,7at,a depune,he deposited,da,ccba447480016
A2,Trecutul verbelor,nezel,a coborî,he descended,da,ca2e9b1b51e3a
A2,Trecutul verbelor,shara7,a descrie; a explica,he described,da,c8026af13f28b
A2,Muncă & birou,wazzaf,a angaja,he employed,da,c4d97db12ce93
A2,Muncă & birou,twazzaf,a se angaja,he got employed,da,cd7c8e3e88c4e
A2,Trecutul verbelor,met,a muri,he died,da,cfe379db8961a
A2,Trecutul verbelor,fet,a intra,he entered,da,cdd9efd3686fe
A2,Trecutul verbelor,harab,a scăpa; a evada,he escaped,da,cf5dd1047a5e4
A2,Trecutul verbelor,farja,a arăta,"he displayed, showed",da,cd2c75b711ec4
A2,La doctor & farmacie,fa7as,a examina,he examined,da,c92471ee1535e
A2,"Hobby-uri, sport & timp liber",tmarran,a face exerciții,he exercised,da,c0e7c7119de25
A2,"Hobby-uri, sport & timp liber",ghatas,a se scufunda,he dived,da,cf0bfd0d3e483
A2,Trecutul verbelor,shara7,a explica,he explained,da,c5562726f37bc
A2,"Hobby-uri, sport & timp liber",rasam,a desena,he drew,da,c95843e9889f4
A2,Emoții & opinii,7elem,a visa,he dreamed,da,c7a81810cf1f0
A2,Trecutul verbelor,shereb,a bea,he drank,da,c75c9f39ea81a
A2,Trecutul verbelor,taffa,a stinge,he extinguished,da,cb08b02b29821
A2,Trecutul verbelor,wa22a3,a scăpa din mână; a face să cadă,he dropped,da,c82762e1b38ec
A2,Trecutul verbelor,5osir,a eșua,he failed,da,c73841861f227
A2,Trecutul verbelor,we2e3,a cădea,he fell,da,cfdfc86728172
A2,"Hobby-uri, sport & timp liber",tsalla,a se distra,he had fun,da,ce7881cedde11
A2,Trecutul verbelor,7ezer,a ghici,he guessed,da,cf594b72a9064
A2,Bani & bănci,mawwal,a finanța,he financed,da,c01ac61f132f7
A2,Trecutul verbelor,3alla2,a atârna,he hung,da,c4f24e3f0ef44
A2,Trecutul verbelor,le2a,a găsi,he found,da,cd90c3464d4c3
A2,Trecutul verbelor,sar,a se întâmpla,he happened,da,c3c848b604e21
A2,Emoții & opinii,kereh,a urî,he hated,da,c3a34a7c569bc
A2,Muncă & birou,tarad,a concedia,he fired,da,c1740bb301406
A2,"Hobby-uri, sport & timp liber",tsayyad,a pescui,he fished,da,c010f6344012e
A2,La doctor & farmacie,3alaj,a trata; a vindeca,he healed,da,ce42f9c03215a
A2,Trecutul verbelor,seme3,a auzi,he heard,da,cd450fac429de
A2,Trecutul verbelor,zabbat,a repara; a regla,he fixed,da,cf430a49b14ff
A2,Trecutul verbelor,taar,a zbura,he flew,da,cb67d8bd0ddf7
A2,Muncă & birou,3ayyan,a angaja,he hired,da,c29dbe74d1fa4
A2,Trecutul verbelor,tawwa,a împături,he folded,da,cdb16fb37712f
A2,Trecutul verbelor,le7e2,a urma,he followed,da,c6e216b12cdeb
A2,Trecutul verbelor,mesik,a ține,he held,da,c7968e2b2fe61
A2,Emoții & opinii,tmanna,a spera,he hoped,da,c0bf74ba283a6
A2,Trecutul verbelor,nese,a uita,he forgot,da,c0115f6887dd2
A2,Trecutul verbelor,sema7,a ierta,he forgave,da,c28912ea37044
A2,"Hobby-uri, sport & timp liber",tsayyad,a vâna,he hunted,da,cc0492de5209e
A2,La doctor & farmacie,2aza,a răni,he hurt,da,c2e2eee99e5bb
A2,Trecutul verbelor,do7ik,a râde,he laughed,da,c48ec2bcbc2be
A2,Trecutul verbelor,5alla,a lăsa,he let,da,c85ab8058dac6
A2,La doctor & farmacie,jara7,a răni,he injured,da,caef605042df4
A2,Trecutul verbelor,kazzab,a minți,he lied,da,c348fdeaf850b
A2,Trecutul verbelor,7emel,a ridica,he lifted,da,cdd21dbc71cea
A2,Emoții & opinii,htam,a se interesa,he took an interest,da,ccfa9ede70e88
A2,Trecutul verbelor,walla3,a aprinde,he lit,da,cd6938e0ec6ec
A2,Emoții & opinii,3ajab,a-i plăcea,like,da,ce1db3a1fca52
A2,Muncă & birou,2aabal,a intervieva,he interviewed,da,cff3238076fd0
A2,Trecutul verbelor,seme3,a asculta,he listened,da,cae5347daad2b
A2,Sărbători & expresii culturale libaneze,3azam,a invita,he invited,da,c9983922f9eee
A2,Trecutul verbelor,3aash,a trăi,he lived,da,ce945fac97cca
A2,Trecutul verbelor,2affal,a încuia,he locked,da,c49946b94309d
A2,Trecutul verbelor,talla3,a privi,he looked,da,c9435acd5583b
A2,La doctor & farmacie,7ak,a se scărpina,he itched,da,cff13710ac68b
A2,Trecutul verbelor,fattash,a căuta,he looked for,da,c45cb31382e18
A2,"Hobby-uri, sport & timp liber",rakad,a alerga ușor,he jogged,da,c1b1f299b6dfa
A2,Trecutul verbelor,5osir,a pierde,he lost,da,cb3484f1b6cc4
A2,Trecutul verbelor,5osir,a pierdut,he got lost,da,c7810b706720b
A2,Trecutul verbelor,nat,a sări,he jumped,da,ce01dc65bf88f
A2,Emoții & opinii,7ab,a iubi,he loved,da,cd5aa8ec9cbeb
A2,Trecutul verbelor,5alla,a păstra,he kept,da,cfb33e32e245c
A2,Trecutul verbelor,labat,a lovi cu piciorul,he kicked,da,c93129691298b
A2,Trecutul verbelor,ba3at,a trimite prin poștă,he mailed,da,c1c2ffafb1b00
A2,Trecutul verbelor,3emil,a face,he made,da,cd08d52478243
A2,Emoții & opinii,la77a2,a reuși să facă față,he managed,da,c5b6847397973
A2,Trecutul verbelor,da2,a bate la ușă,he knocked,da,ce1d87a34f61f
A2,Trecutul verbelor,3eref,a ști; a cunoaște,he knew,da,cc11762fa778e
A2,"Călătorii, aeroport & hotel",habat,a ateriza,he landed,da,ce63db550c504
A2,Programări & întâlniri,t2a55ar,a întârzia,he was late,da,ca24deacb9201
A2,Programări & întâlniri,lta2a,a întâlni,he met,da,c801e8666e086
A2,Emoții & opinii,shte2,a-i fi dor,miss,da,c7d3a3df3cf40
A2,Trecutul verbelor,ghallat,a greși,he made a mistake,da,c68dc2ed2ecd3
A2,"Hobby-uri, sport & timp liber",sawwar,a fotografia,he photographed,da,c1b3d5d76ff1f
A2,Emoții & opinii,7ezen,a jeli,he mourned,da,ce27e70a07502
A2,"Hobby-uri, sport & timp liber",tsawwar,a se fotografia,he had his picture taken,da,c0021a62a3d13
A2,Trecutul verbelor,7at,a pune,he placed,da,c80015b814c3b
A2,Programări & întâlniri,5attit,a plănui,he planned,da,ce2dea3882bb5
A2,"Verbe modale & dorințe (badd-, leezem, fii)",bi7aje,a avea nevoie,he needs,da,c8d7029fadbd9
A2,Trecutul verbelor,le3eb,a se juca,he played,da,cc6554c692478
A2,La doctor & farmacie,nammal,a amorți,he went numb,da,c3fff64eb7c32
A2,"Hobby-uri, sport & timp liber",darrab,a exersa,he practised,da,cf97e456f8738
A2,Sărbători & expresii culturale libaneze,salla,a se ruga,he prayed,da,c6057c00ae76e
A2,Trecutul verbelor,2addam,a oferi,he offered,da,c69912a4e9f26
A2,Sărbători & expresii culturale libaneze,wa3az,a predica,he preached,da,cca7de56f1031
A2,Emoții & opinii,faddal,a prefera,he preferred,da,c7717c995a0f0
A2,Trecutul verbelor,fata7,a deschide,he opened,da,ca4db7b4b379b
A2,La doctor & farmacie,7ebel,a rămâne însărcinată,she got pregnant,da,ce8f0a7ac105c
A2,Trecutul verbelor,jahhaz,a pregăti,he prepared,da,c3c72b3941c57
A2,Muncă & birou,taba3,a tipări,he printed,da,cdf5d7c2732e9
A2,Trecutul verbelor,nazzam,a organiza,he organized,da,c35fce87ed317
A2,"Călătorii, aeroport & hotel",dab,a împacheta,he packed,da,ceb3e579d0ce5
A2,Muncă & birou,tra22a,a fi promovat,he was promoted,da,c39e21c7cef7a
A2,Bani & bănci,saddid,a achita,he paid off,da,cf5f16fc9d3fa
A2,"Călătorii, aeroport & hotel",7ajaz,a rezerva,he reserved,da,c7e959937580b
A2,Muncă & birou,sta2aal,a demisiona,he resigned,da,c1d19d5550e8d
A2,Trecutul verbelor,jewab,a răspunde la,he responded to,da,cf1d0607c7f0a
A2,Trecutul verbelor,dafash,a împinge,he pushed,da,cc9bf5b6ba98e
A2,Trecutul verbelor,sakat,a tăcea,he went quiet,da,c89a1da2c2d0c
A2,Muncă & birou,t2aa3ad,a se pensiona,he retired,da,cd6343f31533d
A2,Trecutul verbelor,battal,a renunța,he quit,da,c80da2d69bb53
A2,Trecutul verbelor,rajja3,a da înapoi,he returned,da,c2434df8bf0bd
A2,Trecutul verbelor,rafa3,a ridica,he raised,da,c74d1dc6229c0
A2,Trecutul verbelor,2ara,a citi,he read,da,c6b24b5f35931
A2,Conversații la telefon,ran,a suna,he rang,da,c890509f94d03
A2,Trecutul verbelor,2aam,a se ridica,he rose,da,ccff66ac4b6b7
A2,La doctor & farmacie,sa77,a se însănătoși,he recovered,da,c69b588179b43
A2,Trecutul verbelor,naza3,a strica,he ruined,da,c15735e6df4b9
A2,"Hobby-uri, sport & timp liber",rakad,a alerga,he ran,da,c5ce34239caeb
A2,Trecutul verbelor,be2e,a rămâne,he remained,da,c0ea9ec21056a
A2,Trecutul verbelor,shef,a văzut,he saw,da,cccc6a7e2151f
A2,Trecutul verbelor,2aal,a spune,he said,da,cfa0e80dbf0ac
A2,Trecutul verbelor,shel,a îndepărta,he removed,da,c4af9b9f5a400
A2,Trecutul verbelor,7ak,a zgâria; a scărpina,he scratched,da,c609837e3f9cb
A2,Trecutul verbelor,sarra5,a țipa,he screamed,da,c492ee37b3679
A2,"Călătorii, aeroport & hotel",sta2jar min,a închiria de la,he rented,da,c2860beaca717
A2,Trecutul verbelor,salla7,a repara,he repaired,da,c64f627ac09c2
A2,Trecutul verbelor,3aad,a repeta,he repeated,da,c587a01973517
A2,Trecutul verbelor,baddal,a înlocui,he replaced,da,c24c25b59565e
A2,Trecutul verbelor,na22a,a selecta,he selected,da,ceab8aaf36f16
A2,Trecutul verbelor,radd,a răspunde,he replied,da,cb6f30270aa46
A2,Trecutul verbelor,ba3at,a trimite,he sent,da,c020cc23e16ce
A2,Trecutul verbelor,7aka,a vorbi,he spoke,da,cef4d3e953788
A2,Bani & bănci,saraf,a cheltui,he spent,da,cfb1daca9c74f
A2,Trecutul verbelor,kabb,a vărsa,he spilled,da,c6693f56e5e98
A2,Bani & bănci,saddad,a achita; a regla o datorie,he settled,da,c8791fef2c6c8
A2,Trecutul verbelor,we2ef,a sta în picioare,he stood,da,c1082019b0d3f
A2,Trecutul verbelor,7ala2,a rade; a se bărbieri,he shaved,da,cbd19c84a3587
A2,"Hobby-uri, sport & timp liber",shaat,a șuta,he shot,da,c3f49e1c54b91
A2,Trecutul verbelor,sara2,a fura,he stole,da,c8f158290b045
A2,Trecutul verbelor,sarra5,a striga,he shouted,da,c4618b9734d90
A2,Trecutul verbelor,wa22af,a opri,he stopped,da,c378eb4f29847
A2,"Hobby-uri, sport & timp liber",ghanna,a cânta,he sang,da,cdaea433967a8
A2,Trecutul verbelor,2a3ad,a se așeza,he sat,da,c5afd17118f3a
A2,Trecutul verbelor,nem,a dormi,he slept,da,ca3479d66d8c5
A2,Trecutul verbelor,za7at,a aluneca,he slipped,da,c909f713a841e
A2,Trecutul verbelor,sham,a mirosi,he smelled,da,cb05496c793c7
A2,Trecutul verbelor,btesem,a zâmbi,he smiled,da,c3a46d0848351
A2,"Hobby-uri, sport & timp liber",da55an,a fuma,he smoked,da,c027c8578762c
A2,La doctor & farmacie,3atas,a strănuta,he sneezed,da,c4343af6632ee
A2,Trecutul verbelor,jarrab,a încerca,he tried,da,ca7233efeb16b
A2,Trecutul verbelor,laf,a întoarce; a vira,he turned,da,cf7e812df199e
A2,"Hobby-uri, sport & timp liber",saba7,a înota,he swam,da,ccc83a4692b47
A2,Trecutul verbelor,taffa,a stinge; a opri,he turned off,da,ca41ede62f950
A2,Trecutul verbelor,2a5ad,a lua,he took,da,c6d8cb414865c
A2,Trecutul verbelor,dawwa,a aprinde; a porni,he turned on,da,c9d3f5200fd92
A2,Trecutul verbelor,shel,a lua de acolo,he took away,da,cdfab1866080b
A2,Trecutul verbelor,eja,a apărea; a veni,he turned up,da,c978bd25775b2
A2,Trecutul verbelor,talla3,a scoate,he took out,da,c8f481c4c2e7d
A2,Trecutul verbelor,fehem,a înțelege,he understood,da,c6331d4738c43
A2,Trecutul verbelor,7eke,a vorbi,he talked,da,c93af2b3195d7
A2,"Călătorii, aeroport & hotel",fadda,a despacheta,he unpacked,da,cd63055355388
A2,Emoții & opinii,za33al,a supăra,he upset,da,c80676dc75a42
A2,Conversații la telefon,talfan,a telefona,he telephoned,da,cc6aed66e281b
A2,Trecutul verbelor,5allas,a încheia,he terminated,da,ce929435543f0
A2,Trecutul verbelor,fakkar,a gândi,he thought,da,cc9e92c2c418c
A2,Trecutul verbelor,kab,a arunca,he threw,da,ceb6eae59b9ae
A2,Trecutul verbelor,zaar,a vizita,he visited,da,cfa604cc35a79
A2,Trecutul verbelor,rattab,a face ordine,he tidied up,da,cab153c87cf60
A2,Trecutul verbelor,natar,a aștepta,he waited,da,cd6d39865b411
A2,Trecutul verbelor,meshe,a merge pe jos,he walked,da,cd9d77854f71a
A2,Trecutul verbelor,ghassal,a spăla,he washed,da,cb7b6e36360e0
A2,"Hobby-uri, sport & timp liber",tfarraj,a se uita la,he watched,da,c5cffd78801a1
A2,"Hobby-uri, sport & timp liber",darrab,a antrena,he trained,da,c8d3f8288dd6b
A2,"Călătorii, aeroport & hotel",sefar,a călători,he travelled,da,c6731c85aaec1
A2,"Hobby-uri, sport & timp liber",tmarran,a face exerciții fizice,he worked out,da,cbf883088253f
A2,Emoții & opinii,2ala2,a îngrijora,he worried,da,ca382ecb475aa
A2,Trecutul verbelor,katab,a scrie,he wrote,da,cc72381480e4a
A2,Emoții & opinii,tmanna,a dori,he wished,da,c2c4aa938a966
A2,Bani & bănci,sa7ab,a retrage,he withdrew,da,c274026047131
A2,Trecutul verbelor,3ayyat,a striga,he yelled,da,c4ad5091a30e7
A2,Muncă & birou,shtaghal,a munci,he worked,da,cc9b47fa677ac
A2,Trecutul verbelor,2oul,spune,say,da,x40caf54f85e4
A2,Emoții & opinii,7abiibe,dragul meu/iubitul meu (mas),my darling / my love (masculine),da,x134a3d3ade47
A2,La doctor & farmacie,7araara,febră/temperatură,fever / temperature,da,x9bc0c1fe97d7
A2,Descrierea persoanelor,8abe,prost/neinteligent,stupid,da,x0972de9f53db
A2,Comparative & superlative,as8ar,mai mic,smaller,da,x8fe4feae0b10
A2,Sărbători & expresii culturale libaneze,Nawwaret,s-a iluminat/ai făcut să fie lumină,you've brought light (said to a guest),da,xfb658d481d25
A2,Muncă & birou,tasaree7,Permise / Declarații,Permits / declarations,da,xcef94e3269a6
A2,Programări & întâlniri,maw3ad,Programare / Întâlnire,Appointment / meeting,da,x1adc6c718470
A2,Numerale ordinale,awwal,primul,first,da,x6bc7f6cd61cb
A2,Muncă & birou,mu2eebale,Interviu / Întâlnire față în față,Interview / face-to-face meeting,da,xe5c874bd608c
A2,Muncă & birou,mwazzaf,Angajat,Employee,da,x27d920dfc0d2
A2,Muncă & birou,3a2ed,Contract,Contract,da,xd183ed6367be
A2,Muncă & birou,fetoura,Factură,Invoice,da,xa1047994c714
A2,Bani & bănci,bank,Bancă,Bank,da,x1a6d37c86b75
A2,Muncă & birou,3amiil,"Client (in context comercial)/ in context politic/de securitate: spion, agent, colaborator, tunator","Client (commercial) / agent, informant (political)",da,x68bbe9195646
A2,Programări & întâlniri,ijtimee3,meeting (intrunire/intalnire),meeting,da,x41c1dd990f77
A2,Muncă & birou,She7ne,Încărcătură,Load / shipment,da,xe63f94ba5c3b
A2,Muncă & birou,muwasafe,o specificatie,a specification,da,x6ebde1629566
A2,"Numere mari (sute, mii, milioane)",miyyeten,200,two hundred,da,x66fcad28c733
A2,"Numere mari (sute, mii, milioane)",tlet miyye,300,three hundred,da,x03a04dbf7609
A2,"Numere mari (sute, mii, milioane)",arba3 miyye,400,four hundred,da,x3c14c6228af4
A2,"Numere mari (sute, mii, milioane)",alef,1 000,one thousand,da,x990e1c9431ed
A2,"Numere mari (sute, mii, milioane)",alfen,2 000,two thousand,da,x5288385493fd
A2,"Numere mari (sute, mii, milioane)",tlett-aleef,3 000,three thousand,da,x4899bb7013c5
A2,"Numere mari (sute, mii, milioane)",arba3-taleef,4 000,four thousand,da,x747e10224c2a
A2,"Numere mari (sute, mii, milioane)",5ams-taleef,5 000,five thousand,da,x03fa7fa780b6
A2,"Numere mari (sute, mii, milioane)",sitt-taleef,6 000,six thousand,da,x28f8eb68117d
A2,"Numere mari (sute, mii, milioane)",sabe3-taleef,7 000,seven thousand,da,x5313b9b558d0
A2,"Numere mari (sute, mii, milioane)",tmen-taleef,8 000,eight thousand,da,xc630c5871a8c
A2,"Numere mari (sute, mii, milioane)",tese3-taleef,9 000,nine thousand,da,x82c2fd28a7ac
A2,"Numere mari (sute, mii, milioane)",3asher-taleef,10 000,ten thousand,da,x835aff95b476
A2,"Numere mari (sute, mii, milioane)",7da3shar alef,11 000,eleven thousand,da,xa4da940d0c0a
A2,"Numere mari (sute, mii, milioane)",Tna3shar alef,12 000,twelve thousand,da,x3258cdb5c0ab
A2,"Numere mari (sute, mii, milioane)",Tlat-ta3shar alef,13 000,thirteen thousand,da,x28fc047599b9
A2,"Numere mari (sute, mii, milioane)",Arba3-ta3shar alef,14 000,fourteen thousand,da,x0e005a4f4019
A2,"Numere mari (sute, mii, milioane)",Khams-ta3shar alef,15 000,fifteen thousand,da,x2953c6a40e65
A2,"Numere mari (sute, mii, milioane)",Sitta-ta3shar alef,16 000,sixteen thousand,da,xa6315adb9b69
A2,"Numere mari (sute, mii, milioane)",Sab3-ta3shar alef,17 000,seventeen thousand,da,xa5594f5d3a28
A2,"Numere mari (sute, mii, milioane)",Tmen-ta3shar alef,18 000,eighteen thousand,da,xeacf33fed06d
A2,"Numere mari (sute, mii, milioane)",Tes3-ta3shar alef,19 000,nineteen thousand,da,x8f3e8b80ac03
A2,"Numere mari (sute, mii, milioane)",3shreen alef,20 000,twenty thousand,da,xde14d18cd3b6
A2,"Numere mari (sute, mii, milioane)",tleteen alef,30 000,thirty thousand,da,x7af67df6aa6e
A2,"Numere mari (sute, mii, milioane)",arb3iin alef,40 000,forty thousand,da,xacc207d4fd9e
A2,"Numere mari (sute, mii, milioane)",5amsiin alef,50 000,fifty thousand,da,xaa32fb1c436f
A2,"Numere mari (sute, mii, milioane)",sittiin alef,60 000,sixty thousand,da,xf39993ba2576
A2,"Numere mari (sute, mii, milioane)",sab3iin alef,70 000,seventy thousand,da,xfe97f42e1623
A2,"Numere mari (sute, mii, milioane)",tmeniin alef,80 000,eighty thousand,da,x38763ee79ad1
A2,"Numere mari (sute, mii, milioane)",tes3iin alef,90 000,ninety thousand,da,xc7e6d28f41c1
A2,"Numere mari (sute, mii, milioane)",miyyet,100 000,one hundred thousand,da,x5229876d4c79
A2,"Numere mari (sute, mii, milioane)",malyon,1 000 000,one million,da,x270508d06033
A2,"Numere mari (sute, mii, milioane)",malyonen,2 000 000,two million,da,x381feb00718c
A2,"Numere mari (sute, mii, milioane)",tlet mleyeen,3 000 000,three million,da,xafd4762920bd
A2,"Numere mari (sute, mii, milioane)",arba3 mleyeen,4 000 000,four million,da,x32633b709379
A2,"Numere mari (sute, mii, milioane)",5ams mleyeen,5 000 000,five million,da,x9bf2c7504077
A2,"Numere mari (sute, mii, milioane)",sitt mleyeen,6 000 000,six million,da,x6cdb4bc02c96
A2,"Numere mari (sute, mii, milioane)",sabe3 mleyeen,7 000 000,seven million,da,x3ad2e9760e89
A2,"Numere mari (sute, mii, milioane)",tmen mleyeen,8 000 000,eight million,da,x1a0a8dc4cce7
A2,"Numere mari (sute, mii, milioane)",tese3 mleyeen,9 000 000,nine million,da,x9959acd02e8f
A2,"Numere mari (sute, mii, milioane)",3asher mleyeen,10 000 000,ten million,da,xa0aa3a06070d
A2,"Numere mari (sute, mii, milioane)",7da3shar malyon,11 000 000,eleven million,da,x089bb6c031a9
A2,"Numere mari (sute, mii, milioane)",tna3shar malyon,12 000 000,twelve million,da,x5240f8c37473
A2,"Numere mari (sute, mii, milioane)",tlatta3shar malyon,13 000 000,thirteen million,da,x51ee557a02cb
A2,"Numere mari (sute, mii, milioane)",arba3ta3shar malyon,14 000 000,fourteen million,da,x0470c4d40ce5
A2,"Numere mari (sute, mii, milioane)",5amsta3shar malyon,15 000 000,fifteen million,da,x427117be63e5
A2,"Numere mari (sute, mii, milioane)",sitta3shar malyon,16 000 000,sixteen million,da,x9213e443db98
A2,"Numere mari (sute, mii, milioane)",sabe3ta3ashar malyon,17 000 000,seventeen million,da,x67903fa8279a
A2,"Numere mari (sute, mii, milioane)",tmenta3shar malyon,18 000 000,eighteen million,da,xf7d9a89b3e53
A2,"Numere mari (sute, mii, milioane)",tese3ta3shar malyon,19 000 000,nineteen million,da,x8f8ae30d3d3c
A2,"Numere mari (sute, mii, milioane)",3eshreen malyon,20 000 000,twenty million,da,xbc9dbd6a5070
A2,"Numere mari (sute, mii, milioane)",mit malyon,100 000 000,one hundred million,da,x2bc1787f7d5f
A2,"Numere mari (sute, mii, milioane)",malyar,1 000 000 000,one billion,da,x988ea55049f5
A2,"Numere mari (sute, mii, milioane)",milyaren,2 000 000 000,two billion,da,x3eece25e06d7
A2,"Numere mari (sute, mii, milioane)",tlet milyarat,3 000 000 000,three billion,da,xe2a167306efe
A2,"Numere mari (sute, mii, milioane)",3asher milyarat,10 000 000 000,ten billion,da,x2fe23c1155f5
A2,"Numere mari (sute, mii, milioane)",7da3shar milyar,11 000 000 000,eleven billion,da,xa99ddfe34cb9
A2,"Verbe modale & dorințe (badd-, leezem, fii)",Baddak,Tu (mas) Vrei,You (m.) want,da,x9e1dbafa6078
A2,"Verbe modale & dorințe (badd-, leezem, fii)",Baddik,Tu (fem) Vrei,You (f.) want,da,xbe873681e734
A2,"Verbe modale & dorințe (badd-, leezem, fii)",Baddkon,Voi Vreți,You (pl.) want,da,x6876105ec819
A2,Bani & bănci,2louf,3+ mii,thousands (3+),da,x752ba76018c1
A2,Trecutul verbelor,Ana akalet,AKL · eu · trecut,I ate,da,xc35f98b304ba
A2,Viitorul (ra7),Ana 7a ekol,AKL · eu · viitor,I will eat,da,x30f207a7b37a
A2,Trecutul verbelor,enta akalet,AKL · tu (masculin) · trecut,You (m.) ate,da,xb6b5083d639e
A2,Viitorul (ra7),enta 7a tekol,AKL · tu (masculin) · viitor,You (m.) will eat,da,x55ec6e7917db
A2,Imperativul,enta kol,AKL · tu (masculin) · imperativ,Eat! (to a man),da,x2f7b0b681119
A2,Trecutul verbelor,ente akalte,AKL · tu (feminin) · trecut,You (f.) ate,da,x2afac620c398
A2,Viitorul (ra7),ente 7a tekle,AKL · tu (feminin) · viitor,You (f.) will eat,da,xa17dce619ee2
A2,Imperativul,ente kole,AKL · tu (feminin) · imperativ,Eat! (to a woman),da,xea64055f0045
A2,Trecutul verbelor,huwwe akal,AKL · el · trecut,He ate,da,x93c11bd0beee
A2,Viitorul (ra7),huwwe 7a yekol,AKL · el · viitor,He will eat,da,xf3ff2b502ed8
A2,Trecutul verbelor,hiyye akalet,AKL · ea · trecut,She ate,da,xc46ba769620c
A2,Viitorul (ra7),hiyye 7a tekol,AKL · ea · viitor,She will eat,da,xbbd36a31694c
A2,Trecutul verbelor,ne7na akalna,AKL · noi · trecut,We ate,da,x86bfb6d0b091
A2,Viitorul (ra7),ne7na 7a mnekol,AKL · noi · viitor,We will eat,da,x5479c4114c58
A2,Trecutul verbelor,ento akalto,AKL · voi · trecut,You (pl.) ate,da,x694e6c56d80d
A2,Viitorul (ra7),ento 7a teklo,AKL · voi · viitor,You (pl.) will eat,da,x6787e690121d
A2,Imperativul,ento kolo,AKL · voi · imperativ,Eat! (to several people),da,x467fec07245e
A2,Trecutul verbelor,Hinne akalo,AKL · ei / ele · trecut,They ate,da,x85c298c5fab7
A2,Viitorul (ra7),Hinne 7a yeklo,AKL · ei / ele · viitor,They will eat,da,xc6ae585b0f43
A2,Trecutul verbelor,Ana 7keet,7ki/7ke · eu · trecut,I spoke,da,xdd6c0f97cf95
A2,Viitorul (ra7),Ana 7a e7ke,7ki/7ke · eu · viitor,I will speak,da,x2e576fbae60a
A2,Trecutul verbelor,enta 7keet,7ki/7ke · tu (masculin) · trecut,You (m.) spoke,da,x5f4b09ec3111
A2,Viitorul (ra7),enta 7a t7ke,7ki/7ke · tu (masculin) · viitor,You (m.) will speak,da,xc7b8c14683cf
A2,Imperativul,enta 7ki,7ki/7ke · tu (masculin) · imperativ,Speak! (to a man),da,x3a6b6b0f3a80
A2,Trecutul verbelor,ente 7kete,7ki/7ke · tu (feminin) · trecut,You (f.) spoke,da,x80950f3fbaf9
A2,Viitorul (ra7),ente 7a t7ke,7ki/7ke · tu (feminin) · viitor,You (f.) will speak,da,x5ff7cf69271b
A2,Imperativul,ente 7ki,7ki/7ke · tu (feminin) · imperativ,Speak! (to a woman),da,x9069912530de
A2,Trecutul verbelor,huwwe 7ke,7ki/7ke · el · trecut,He spoke,da,xf38e77b927eb
A2,Viitorul (ra7),huwwe 7a y7ke,7ki/7ke · el · viitor,He will speak,da,x4c0e078590b6
A2,Trecutul verbelor,hiyye 7ket,7ki/7ke · ea · trecut,She spoke,da,x3161923fbb0c
A2,Viitorul (ra7),hiyye 7a t7ke,7ki/7ke · ea · viitor,She will speak,da,xc26076e75cb2
A2,Trecutul verbelor,ne7na 7keena,7ki/7ke · noi · trecut,We spoke,da,x79cd0c481fba
A2,Viitorul (ra7),ne7na 7a ne7ke,7ki/7ke · noi · viitor,We will speak,da,xd52a3dae766d
A2,Trecutul verbelor,ento 7keeto,7ki/7ke · voi · trecut,You (pl.) spoke,da,x68b93f16d49e
A2,Viitorul (ra7),ento 7a t7ko,7ki/7ke · voi · viitor,You (pl.) will speak,da,xf6c1270c8e8b
A2,Imperativul,ento 7ko,7ki/7ke · voi · imperativ,Speak! (to several people),da,x8ebf69e21163
A2,Trecutul verbelor,Hinne 7eko,7ki/7ke · ei / ele · trecut,They spoke,da,xe142af9804a3
A2,Viitorul (ra7),Hinne 7a y7ko,7ki/7ke · ei / ele · viitor,They will speak,da,x259812059be2
A2,Trecutul verbelor,Ana tlfnet,TLFN · eu · trecut,I phoned,da,x79f8e07035cd
A2,Viitorul (ra7),Ana 7a tlfn,TLFN · eu · viitor,I will phone,da,x6c42ef78204c
A2,Trecutul verbelor,enta tlfnet,TLFN · tu (masculin) · trecut,You (m.) phoned,da,x156966fca2e9
A2,Viitorul (ra7),enta 7a ttlfn,TLFN · tu (masculin) · viitor,You (m.) will phone,da,xc019644c863b
A2,Imperativul,enta Talfen,TLFN · tu (masculin) · imperativ,Phone! (to a man),da,xe52cdfa562a5
A2,Trecutul verbelor,ente tlfnte,TLFN · tu (feminin) · trecut,You (f.) phoned,da,x3b50c2230084
A2,Viitorul (ra7),ente 7a ttlfne,TLFN · tu (feminin) · viitor,You (f.) will phone,da,x4438ac3ebe77
A2,Imperativul,ente Talfne,TLFN · tu (feminin) · imperativ,Phone! (to a woman),da,xb582f8fa839d
A2,Trecutul verbelor,huwwe Talfan,TLFN · el · trecut,He phoned,da,xa6542cd0b676
A2,Viitorul (ra7),huwwe 7a ytlfn,TLFN · el · viitor,He will phone,da,x32e1f7e3aac9
A2,Trecutul verbelor,hiyye Talfanet,TLFN · ea · trecut,She phoned,da,x745ae678b057
A2,Viitorul (ra7),hiyye 7a ttlfn,TLFN · ea · viitor,She will phone,da,x26028a5dd217
A2,Trecutul verbelor,ne7na tlfnna,TLFN · noi · trecut,We phoned,da,xead0e4e17c4e
A2,Viitorul (ra7),ne7na 7a ntlfn,TLFN · noi · viitor,We will phone,da,x07dd3c9334ca
A2,Trecutul verbelor,ento tlfnto,TLFN · voi · trecut,You (pl.) phoned,da,xb07667292b4f
A2,Viitorul (ra7),ento 7a ttlfno,TLFN · voi · viitor,You (pl.) will phone,da,x9fe55556f2ff
A2,Imperativul,ento Talfno,TLFN · voi · imperativ,Phone! (to several people),da,xc887fe475ec3
A2,Trecutul verbelor,Hinne tlfano,TLFN · ei / ele · trecut,They phoned,da,x140788b7f249
A2,Viitorul (ra7),Hinne 7a ytlfno,TLFN · ei / ele · viitor,They will phone,da,xdffe987095ac
A2,Trecutul verbelor,Ana sht8alet,SHT8L · eu · trecut,I worked,da,xa05d66230501
A2,Viitorul (ra7),Ana 7a esht8l,SHT8L · eu · viitor,I will work,da,x7a904c476f1f
A2,Trecutul verbelor,enta sht8alet,SHT8L · tu (masculin) · trecut,You (m.) worked,da,x34e08ba8336b
A2,Viitorul (ra7),enta 7a tesht8l,SHT8L · tu (masculin) · viitor,You (m.) will work,da,x6ae8531d31e2
A2,Imperativul,enta sht8l,SHT8L · tu (masculin) · imperativ,Work! (to a man),da,xf6b9551f8489
A2,Trecutul verbelor,ente sht8lte,SHT8L · tu (feminin) · trecut,You (f.) worked,da,x01160073a536
A2,Viitorul (ra7),ente 7a tesht8le,SHT8L · tu (feminin) · viitor,You (f.) will work,da,x1981cc7d0871
A2,Imperativul,ente sht8le,SHT8L · tu (feminin) · imperativ,Work! (to a woman),da,x6cca0110211a
A2,Trecutul verbelor,huwwe sht8l,SHT8L · el · trecut,He worked,da,xbf52a81f39aa
A2,Viitorul (ra7),huwwe 7a yesht8el,SHT8L · el · viitor,He will work,da,xcb19a07f58ed
A2,Trecutul verbelor,hiyye sht8let,SHT8L · ea · trecut,She worked,da,x26ba48bb72ec
A2,Viitorul (ra7),hiyye 7a tesht8el,SHT8L · ea · viitor,She will work,da,x21c456b866a8
A2,Trecutul verbelor,ne7na sht8lna,SHT8L · noi · trecut,We worked,da,x6c69c50113b4
A2,Viitorul (ra7),ne7na 7a nshte8el,SHT8L · noi · viitor,We will work,da,x4185230dd427
A2,Trecutul verbelor,ento sht8lto,SHT8L · voi · trecut,You (pl.) worked,da,x5f46ced3c625
A2,Viitorul (ra7),ento 7a tesht8lo,SHT8L · voi · viitor,You (pl.) will work,da,x98084b64c23a
A2,Imperativul,ento sht8lo,SHT8L · voi · imperativ,Work! (to several people),da,xa58bee3c0f45
A2,Trecutul verbelor,Hinne sht8lo,SHT8L · ei / ele · trecut,They worked,da,xf2b0061c6639
A2,Viitorul (ra7),Hinne 7a yesht8lo,SHT8L · ei / ele · viitor,They will work,da,x00bdc900bd6a
A2,Trecutul verbelor,Ana 3teet,3TI · eu · trecut,I gave,da,x8fa52e575dac
A2,Viitorul (ra7),Ana 7a a3te,3TI · eu · viitor,I will give,da,x2453978dd0df
A2,Trecutul verbelor,enta 3teet,3TI · tu (masculin) · trecut,You (m.) gave,da,x0e1f10de63c3
A2,Viitorul (ra7),enta 7a te3te,3TI · tu (masculin) · viitor,You (m.) will give,da,xcf750a6604c8
A2,Imperativul,enta 3ti,3TI · tu (masculin) · imperativ,Give! (to a man),da,x2ef486516065
A2,Trecutul verbelor,ente 3teete,3TI · tu (feminin) · trecut,You (f.) gave,da,xbfc9d6fbf594
A2,Viitorul (ra7),ente 7a te3te,3TI · tu (feminin) · viitor,You (f.) will give,da,xa02822deeff2
A2,Imperativul,ente 3ti,3TI · tu (feminin) · imperativ,Give! (to a woman),da,x8d4dc1e30378
A2,Trecutul verbelor,huwwe 3ata,3TI · el · trecut,He gave,da,xad6f7fc863e4
A2,Viitorul (ra7),huwwe 7a ye3te,3TI · el · viitor,He will give,da,x21a60f71145a
A2,Trecutul verbelor,hiyye 3atet,3TI · ea · trecut,She gave,da,x2a0d189abe26
A2,Viitorul (ra7),hiyye 7a te3te,3TI · ea · viitor,She will give,da,x3458c3e1f408
A2,Trecutul verbelor,ne7na 3teena,3TI · noi · trecut,We gave,da,x59c96173c2e3
A2,Viitorul (ra7),ne7na 7a n3te,3TI · noi · viitor,We will give,da,xf21e2297154c
A2,Trecutul verbelor,ento 3teeto,3TI · voi · trecut,You (pl.) gave,da,xd3dcce2daa55
A2,Viitorul (ra7),ento 7a ta3to,3TI · voi · viitor,You (pl.) will give,da,x10e37cade54f
A2,Imperativul,ento 3to,3TI · voi · imperativ,Give! (to several people),da,x2dd8ef8aed86
A2,Trecutul verbelor,Hinne 3ato,3TI · ei / ele · trecut,They gave,da,xbd3479cc5d15
A2,Viitorul (ra7),Hinne 7a ya3to,3TI · ei / ele · viitor,They will give,da,x22014aab972b
A2,Trecutul verbelor,Ana 2elet,2EL/2UL · eu · trecut,I said,da,x9348c693d2db
A2,Viitorul (ra7),Ana 7a 2ul,2EL/2UL · eu · viitor,I will say,da,x910d338e323d
A2,Trecutul verbelor,enta 2elet,2EL/2UL · tu (masculin) · trecut,You (m.) said,da,x770c52793f26
A2,Viitorul (ra7),enta 7a t2ul,2EL/2UL · tu (masculin) · viitor,You (m.) will say,da,x5052df895f9f
A2,Imperativul,enta 2ul,2EL/2UL · tu (masculin) · imperativ,Say! (to a man),da,xefabc9c2efc5
A2,Trecutul verbelor,ente 2elte,2EL/2UL · tu (feminin) · trecut,You (f.) said,da,x3256f30d37ef
A2,Viitorul (ra7),ente 7a t2ule,2EL/2UL · tu (feminin) · viitor,You (f.) will say,da,xc3f62e8f3a5e
A2,Imperativul,ente 2ule,2EL/2UL · tu (feminin) · imperativ,Say! (to a woman),da,x6cc70fe8ea15
A2,Trecutul verbelor,huwwe 2el,2EL/2UL · el · trecut,He said,da,x4cfa029759c6
A2,Viitorul (ra7),huwwe 7a ye2ul,2EL/2UL · el · viitor,He will say,da,x3423d5bbf855
A2,Trecutul verbelor,hiyye 2elet,2EL/2UL · ea · trecut,She said,da,x49d83b1f2f30
A2,Viitorul (ra7),hiyye 7a t2ul,2EL/2UL · ea · viitor,She will say,da,xec75b4a25fce
A2,Trecutul verbelor,ne7na 2elna,2EL/2UL · noi · trecut,We said,da,x3811ec317994
A2,Viitorul (ra7),ne7na 7a n2ul,2EL/2UL · noi · viitor,We will say,da,xcd74f77ade56
A2,Trecutul verbelor,ento 2elto,2EL/2UL · voi · trecut,You (pl.) said,da,xb6f707c27013
A2,Viitorul (ra7),ento 7a t2ulo,2EL/2UL · voi · viitor,You (pl.) will say,da,xcf02bd626b18
A2,Imperativul,ento 2ulo,2EL/2UL · voi · imperativ,Say! (to several people),da,x66902dd4356c
A2,Trecutul verbelor,Hinne 2elo,2EL/2UL · ei / ele · trecut,They said,da,x15c14f67c953
A2,Viitorul (ra7),Hinne 7a y2ulo,2EL/2UL · ei / ele · viitor,They will say,da,xe27fe12992c9
A2,Trecutul verbelor,Ana Daraset,DRS · eu · trecut,I studied,da,x1f94d18d6380
A2,Viitorul (ra7),Ana 7a edros,DRS · eu · viitor,I will study,da,x857d4314d9b7
A2,Trecutul verbelor,enta Daraset,DRS · tu (masculin) · trecut,You (m.) studied,da,xc19c63b5b751
A2,Viitorul (ra7),enta 7a tdros,DRS · tu (masculin) · viitor,You (m.) will study,da,x465c9dfebca0
A2,Imperativul,enta dros,DRS · tu (masculin) · imperativ,Study! (to a man),da,x75efaa981379
A2,Trecutul verbelor,ente Daraste,DRS · tu (feminin) · trecut,You (f.) studied,da,xd11025e9afe0
A2,Viitorul (ra7),ente 7a tdrse,DRS · tu (feminin) · viitor,You (f.) will study,da,xe47c55ca3fb9
A2,Imperativul,ente drese,DRS · tu (feminin) · imperativ,Study! (to a woman),da,xba82463b77fb
A2,Trecutul verbelor,huwwe Daras,DRS · el · trecut,He studied,da,x03357436abf3
A2,Viitorul (ra7),huwwe 7a ydros,DRS · el · viitor,He will study,da,x3183a50fbe54
A2,Trecutul verbelor,hiyye Daraset,DRS · ea · trecut,She studied,da,x500870ba9a61
A2,Viitorul (ra7),hiyye 7a tdros,DRS · ea · viitor,She will study,da,x2cae9ba1deee
A2,Trecutul verbelor,ne7na Darasna,DRS · noi · trecut,We studied,da,x427478f5bdb6
A2,Viitorul (ra7),ne7na 7a ndros,DRS · noi · viitor,We will study,da,x2ce182767441
A2,Trecutul verbelor,ento Darasto,DRS · voi · trecut,You (pl.) studied,da,x330e0c630f1e
A2,Viitorul (ra7),ento 7a tdrso,DRS · voi · viitor,You (pl.) will study,da,x4951593cff0f
A2,Imperativul,ento dreso,DRS · voi · imperativ,Study! (to several people),da,x92f44317c983
A2,Trecutul verbelor,Hinne Daraso,DRS · ei / ele · trecut,They studied,da,x33e34cb53c0a
A2,Viitorul (ra7),Hinne 7a ydrso,DRS · ei / ele · viitor,They will study,da,xa9a44135e792
A2,Trecutul verbelor,Ana 3refet,3RF · eu · trecut,I knew,da,x3201d807d089
A2,Viitorul (ra7),Ana 7a a3ref,3RF · eu · viitor,I will know,da,xac5cc504a548
A2,Trecutul verbelor,enta 3refet,3RF · tu (masculin) · trecut,You (m.) knew,da,xcb5432db8f3a
A2,Viitorul (ra7),enta 7a ta3ref,3RF · tu (masculin) · viitor,You (m.) will know,da,xe83cdf98f777
A2,Imperativul,enta 3raf,3RF · tu (masculin) · imperativ,Know! (to a man),da,xd8d601ed20c4
A2,Trecutul verbelor,ente 3refet,3RF · tu (feminin) · trecut,You (f.) knew,da,x5de67663b584
A2,Viitorul (ra7),ente 7a ta3rfe,3RF · tu (feminin) · viitor,You (f.) will know,da,xb3726aa02661
A2,Imperativul,ente 3refe,3RF · tu (feminin) · imperativ,Know! (to a woman),da,x45321a2cdb00
A2,Trecutul verbelor,huwwe 3eref,3RF · el · trecut,He knew,da,xccfe4abdf858
A2,Viitorul (ra7),huwwe 7a ya3ref,3RF · el · viitor,He will know,da,x38f75a37a3c4
A2,Trecutul verbelor,hiyye 3erfet,3RF · ea · trecut,She knew,da,x2ff050165382
A2,Viitorul (ra7),hiyye 7a ta3ref,3RF · ea · viitor,She will know,da,x031a7f6f381e
A2,Trecutul verbelor,ne7na 3refna,3RF · noi · trecut,We knew,da,x97b703c3bf1e
A2,Viitorul (ra7),ne7na 7a na3ref,3RF · noi · viitor,We will know,da,x06edb2e562f5
A2,Trecutul verbelor,ento 3refto,3RF · voi · trecut,You (pl.) knew,da,x0624c54ad976
A2,Viitorul (ra7),ento 7a ta3rfo,3RF · voi · viitor,You (pl.) will know,da,xb2d02d1131e2
A2,Imperativul,ento 3refo,3RF · voi · imperativ,Know! (to several people),da,x4c237cd6e1ed
A2,Trecutul verbelor,Hinne 3erfo,3RF · ei / ele · trecut,They knew,da,xfabec988f0fa
A2,Viitorul (ra7),Hinne 7a ya3rfo,3RF · ei / ele · viitor,They will know,da,x7b7a3ddbf4c0
A2,Trecutul verbelor,Ana 3melet,3ML · eu · trecut,I did,da,xc2ae04f7581d
A2,Viitorul (ra7),Ana 7a a3mol,3ML · eu · viitor,I will do,da,x0d495495ccd1
A2,Trecutul verbelor,enta 3melet,3ML · tu (masculin) · trecut,You (m.) did,da,x25acf8d85677
A2,Viitorul (ra7),enta 7a ta3mol,3ML · tu (masculin) · viitor,You (m.) will do,da,x2c31035a43fc
A2,Imperativul,enta 3mol,3ML · tu (masculin) · imperativ,Do! (to a man),da,xc31c0d26b044
A2,Trecutul verbelor,ente 3melte,3ML · tu (feminin) · trecut,You (f.) did,da,x0fa71e260490
A2,Viitorul (ra7),ente 7a ta3mle,3ML · tu (feminin) · viitor,You (f.) will do,da,xa1bc7acae94b
A2,Imperativul,ente 3mole,3ML · tu (feminin) · imperativ,Do! (to a woman),da,xad40dbaa612f
A2,Trecutul verbelor,huwwe 3emel,3ML · el · trecut,He did,da,xfee890d2a809
A2,Viitorul (ra7),huwwe 7a ya3mol,3ML · el · viitor,He will do,da,x1a8bd45cc58e
A2,Trecutul verbelor,hiyye 3emlet,3ML · ea · trecut,She did,da,x223e9e981090
A2,Viitorul (ra7),hiyye 7a ta3mol,3ML · ea · viitor,She will do,da,x89d9bd105151
A2,Trecutul verbelor,ne7na 3melna,3ML · noi · trecut,We did,da,x5377483f8bd1
A2,Viitorul (ra7),ne7na 7a na3mol,3ML · noi · viitor,We will do,da,x251f0da69aed
A2,Trecutul verbelor,ento 3melto,3ML · voi · trecut,You (pl.) did,da,x0a873f5dd21a
A2,Viitorul (ra7),ento 7a ta3mlo,3ML · voi · viitor,You (pl.) will do,da,xc925272c93dd
A2,Imperativul,ento 3molo,3ML · voi · imperativ,Do! (to several people),da,x7337d07013a4
A2,Trecutul verbelor,Hinne 3emlo,3ML · ei / ele · trecut,They did,da,x24a9a0d3793b
A2,Viitorul (ra7),Hinne 7a ya3mlo,3ML · ei / ele · viitor,They will do,da,xdac7a3479eb8
A2,Trecutul verbelor,Ana sewet,SWE · eu · trecut,I made,da,xbe75ebee059b
A2,Viitorul (ra7),Ana 7a bsewe,SWE · eu · viitor,I will make,da,x883baec9f070
A2,Trecutul verbelor,enta sewet,SWE · tu (masculin) · trecut,You (m.) made,da,xe27d08514a4d
A2,Viitorul (ra7),enta 7a tsewe,SWE · tu (masculin) · viitor,You (m.) will make,da,x20db35c6dd0c
A2,Imperativul,enta sewe,SWE · tu (masculin) · imperativ,Make! (to a man),da,xff6928c5e7f3
A2,Trecutul verbelor,ente sewayte,SWE · tu (feminin) · trecut,You (f.) made,da,x67ca511948f4
A2,Viitorul (ra7),ente 7a tsewe,SWE · tu (feminin) · viitor,You (f.) will make,da,x4b556701113b
A2,Imperativul,ente sewe,SWE · tu (feminin) · imperativ,Make! (to a woman),da,xe224c5f894b8
A2,Trecutul verbelor,huwwe sewa,SWE · el · trecut,He made,da,xf9772fec6cf8
A2,Viitorul (ra7),huwwe 7a ysewe,SWE · el · viitor,He will make,da,x5758ad433523
A2,Trecutul verbelor,hiyye sewet,SWE · ea · trecut,She made,da,x103099e1f520
A2,Viitorul (ra7),hiyye 7a tsewe,SWE · ea · viitor,She will make,da,x32767f2c544a
A2,Trecutul verbelor,ne7na sewayna,SWE · noi · trecut,We made,da,xf9213e69cb0a
A2,Viitorul (ra7),ne7na 7a nsewe,SWE · noi · viitor,We will make,da,x71fd48034ba9
A2,Trecutul verbelor,ento sewayto,SWE · voi · trecut,You (pl.) made,da,x2e3f199051d2
A2,Viitorul (ra7),ento 7a tsewo,SWE · voi · viitor,You (pl.) will make,da,xbed889e12f60
A2,Imperativul,ento sewo,SWE · voi · imperativ,Make! (to several people),da,x714cf8b60b7e
A2,Trecutul verbelor,Hinne sewo,SWE · ei / ele · trecut,They made,da,x1dd3f6e77bb8
A2,Viitorul (ra7),Hinne 7a ysewo,SWE · ei / ele · viitor,They will make,da,x7c487e085b51
A2,"Verbe modale & dorințe (badd-, leezem, fii)",Hiyye badda,Ea vrea.,She wants.,da,xd0019cbc24fe
A2,"Verbe modale & dorințe (badd-, leezem, fii)",Lesh baddak a3mel hek?,De ce vrei să fac așa? (către un băiat),Why do you want me to do that? (to a boy),da,xc3f60d732187
A2,"Verbe modale & dorințe (badd-, leezem, fii)",Fio,El poate,He can,da,xab33dbd8fb66
A2,"Verbe modale & dorințe (badd-, leezem, fii)",Fiiha,Ea poate,She can,da,xdb214d1ccc44
A2,"Verbe modale & dorințe (badd-, leezem, fii)",Fihon,Ei / Ele pot,They can,da,xbc1039054974
A2,"Hobby-uri, sport & timp liber",Shatranj,Șah,Chess,da,x343a93893766
A2,"Hobby-uri, sport & timp liber",2reye,Citire,Reading,da,x11c9c1dcf818
A2,Comparative & superlative,akbar,mai mare,bigger,da,x56383873c397
A2,Comparative & superlative,azghar,mai mic,smaller,da,x57b5b36f809d
A2,"Numere mari (sute, mii, milioane)",alf,1000,one thousand,da,x03537aca605d
A2,Programări & întâlniri,Shu 3eemel j-jem3a j-jeye?,Ce ai planificat săptămâna viitoare? (masculin),What are your plans for next week? (masculine),da,x0f9fc9e6cea1
A2,Programări & întâlniri,Fina nshuf ba3d l-2urb3a 3a is-se3a sab3a l-masa,Ne putem vedea miercuri la ora 19,We can meet on Wednesday at 7 pm,da,x2ab4acc50088
A2,Programări & întâlniri,Ana fine bukra 3a is-se3a sitte l-masa,Eu pot mâine la ora 18,I can make it tomorrow at 6 pm,da,x93d94ac191e4
A2,Programări & întâlniri,5ayye jeeye l-a7ad ba3d-dohor,Fratele meu vine duminică după-amiază,My brother is coming on Sunday afternoon,da,x625b2b568ad0
A2,Programări & întâlniri,Ma fiyye it-taneen,Nu pot luni,I can't on Monday,da,x3abbb8aabd70
A2,Programări & întâlniri,Fik it-taleta l-masa?,Poți marți seara? (către un bărbat),Can you make Tuesday evening? (to a man),da,x10ce3d7d68c4
A2,"Conectori & condiționalul (eza, bass, la2an or la2en) la2en or la2an can be also la2enno or la2anno",Liom m3assbe la2enno 3ande ktiir shoghol,Azi sunt furioasă pentru că am mult de lucru,Today I'm angry because I have a lot of work (feminine),da,x45e4cf46d3b5
A2,"Conectori & condiționalul (eza, bass, la2an or la2en) la2en or la2an can be also la2enno or la2anno",kermeel,pentru / de dragul,for / for the sake of,da,xb992446cfa9f
A2,"Conectori & condiționalul (eza, bass, la2an or la2en) la2en or la2an can be also la2enno or la2anno",3ashen,pentru că,because,da,xdedaff2fa92c
A2,Sărbători & expresii culturale libaneze,shajret L-mileed,bradul de Crăciun,the Christmas tree,da,x257cdd7687f5
A2,"Conectori & condiționalul (eza, bass, la2an or la2en) la2en or la2an can be also la2enno or la2anno",Sette e3de juwwa 3ashen barra bared,Bunica stă înăuntru pentru că afară este frig,Grandma stays inside because it's cold outside,da,x1c23bbe8fdd0
A2,Trecutul verbelor,enta daraset,tu ai învățat (masculin),you studied (masculine),da,xce37fbf854f2
A2,Trecutul verbelor,ente daraste,tu ai învățat (feminin),you studied (feminine),da,xdd9c286249be
A2,Trecutul verbelor,ento darasto,voi ați învățat,you studied (plural),da,xf077e536119e
A2,Trecutul verbelor,henne daraso,ei / ele au învățat,they studied,da,xc3b91be0abf6
A2,Imperativul,jebla,adu-i (ei),bring it (to her),da,xf843b25cb0a6
A2,Imperativul,3tiine 5ams d2aye2,Dă-mi cinci minute,Give me five minutes,da,xaddfdf8e3362
A2,Trecutul verbelor,e5te daharet min l-bet l-5amiis is-sobo7,Sora mea a ieșit din casă joi dimineață,My sister left the house on Thursday morning,da,xeb8ba0a8fef5
A2,Trecutul verbelor,Ayya se3a rej3et mbere7 l-masa?,La ce oră te-ai întors aseară? (masculin),What time did you get back last night? (masculine),da,x6e00edacf113
A2,"Verbe modale & dorințe (badd-, leezem, fii)",jeyye 3a bele,îmi vine în gând / mi-e poftă,I feel like / I fancy,da,x6f7d8ffb74c7
A2,"Verbe modale & dorințe (badd-, leezem, fii)",Mish jeyye 3a bele is-samak,Nu am poftă de pește,I don't feel like fish,da,xd9da2609f5c3
A2,"Verbe modale & dorințe (badd-, leezem, fii)",jeyye 3a bele l-5odra,Am poftă de legume,I feel like vegetables,da,x655aa69c7de2
A2,Sărbători & expresii culturale libaneze,3aade,obicei,habit / custom,da,x4274c2ca496e
A2,Sărbători & expresii culturale libaneze,L-3aade,obiceiul,the habit / the custom,da,x53bba1dd7788
A2,Sărbători & expresii culturale libaneze,3iid,sărbătoare,holiday / feast,da,x3ffa9c6ecd3f
A2,Sărbători & expresii culturale libaneze,3iid L-mara,Ziua Femeii,Women's Day,da,x358bab6261f1
A2,Sărbători & expresii culturale libaneze,3iid L-walad,Ziua Copilului,Children's Day,da,x55b6e1e873f8
A2,Sărbători & expresii culturale libaneze,3iid L-fusuh,Paștele,Easter,da,x32e54af33b73
A2,Sărbători & expresii culturale libaneze,3iid L-mileed,Crăciunul,Christmas,da,x44e73b31b522
A2,Sărbători & expresii culturale libaneze,yn3aad 3laykon,Să o sărbătoriți din nou! (urare către mai mulți),Many happy returns! (to several people),da,xaeb39021916d
A2,Muncă & birou,mudiir,manager,manager,da,x2e83dcc8c6b6
A2,Muncă & birou,mashru3,proiect,project,da,x02acb2901bf4
A2,Muncă & birou,3atle,zi liberă / vacanță,day off / holiday,da,x2a78cef34770
A2,Viitorul (ra7),Ma3 miin ra7 tru7?,Cu cine vei merge?,Who will you go with?,da,xc26efaac5f7e
A2,Viitorul (ra7),Shu ra7 ta3mel b Lebnen?,Ce vei face în Liban?,What will you do in Lebanon?,da,x36f358dde54c
A2,Viitorul (ra7),Shu ra7 ta3mel ba3d l-ijtimee3?,Ce vei face după întâlnire?,What will you do after the meeting?,da,x68445935c23a
A2,Viitorul (ra7),Shu ra7 ta3mel bi l-3atle?,Ce vei face în vacanță?,What will you do on holiday?,da,x632427ece6b7
A2,Viitorul (ra7),Ra7 t23od bi l-maktab teshtghel 3a l-mashru3 jdiid,Vei sta la birou să lucrezi la proiectul nou,You'll stay at the office to work on the new project,da,xfc6d628120c7
A2,"Verbe modale & dorințe (badd-, leezem, fii)",bi 7aje ekol shi tayeb,Am nevoie să mănânc ceva bun,I need to eat something good,da,x3b05a1b5ffb8
A2,"Verbe modale & dorințe (badd-, leezem, fii)",J-jem3a badde 7ot t-tyebe 3a l-8asiil,Vineri vreau să-mi pun hainele la spălat,On Friday I want to put the clothes in the wash,da,x39fc83c8a9cd
A2,Trecutul verbelor,Kif ken nhaarik?,Cum ți-a fost ziua? (către o femeie),How was your day? (to a woman),da,xa4a8d0059d07
A2,Trecutul verbelor,Kenet b sh-shoghol,Am fost la muncă,I was at work,da,xfe6771786527
A2,Viitorul (ra7),Bukra s-sobo7 ra7 edhar sob s-sab3a,Mâine dimineață voi ieși pe la șapte,Tomorrow morning I'll go out around seven,da,x648d2fab9073
A2,Viitorul (ra7),Addish wa2et ra7 t23od?,Cât timp vei sta?,How long will you stay?,da,x87114c532204
A2,"Verbe modale & dorințe (badd-, leezem, fii)",Jeyye 3a bele ekol shawarma djej,Mi-e poftă să mănânc shawarma de pui,I feel like eating chicken shawarma,da,x93c567b9b3dd
A2,Viitorul (ra7),Ra7 e23od b l-bayt latta erte7,Voi sta acasă ca să mă odihnesc,I'll stay at home to rest,da,xb479689438b7
A2,Imperativul,Ru7 la eddem,Du-te înainte,Go ahead / go forward,da,x286600468e0d
A2,Numerale ordinale,awal,primul,first (masculine),da,x99fc27fb19f5
A2,Numerale ordinale,ula,prima,first (feminine),da,x548e193dcd5b
A2,Numerale ordinale,teene,al doilea,second (masculine),da,x2b0965b2699e
A2,Numerale ordinale,tenie,a doua,second (feminine),da,xaf8b961d3084
A2,Numerale ordinale,teelet,al treilea,third (masculine),da,xa044dc181499
A2,Numerale ordinale,telte,a treia,third (feminine),da,x8315669b8854
A2,Numerale ordinale,raabe3,al patrulea,fourth (masculine),da,xf33b55172cb4
A2,Numerale ordinale,rab3a,a patra,fourth (feminine),da,x5daa5d815f84
A2,Numerale ordinale,5aames,al cincilea,fifth (masculine),da,x2944204e1afe
A2,Numerale ordinale,5amse,a cincea,fifth (feminine),da,x06a1faa27e96
A2,Numerale ordinale,seedes,al șaselea,sixth (masculine),da,x4e60621513e5
A2,Numerale ordinale,sedse,a șasea,sixth (feminine),da,x602759622567
A2,Numerale ordinale,saabe3,al șaptelea,seventh (masculine),da,x9a6a9d46ddba
A2,Numerale ordinale,seb3a,a șaptea,seventh (feminine),da,x0267abf24928
A2,Numerale ordinale,teemen,al optulea,eighth (masculine),da,x3f5d7cef9ff8
A2,Numerale ordinale,temne,a opta,eighth (feminine),da,xda19fa4f5a37
A2,Numerale ordinale,tese3,al nouălea,ninth (masculine),da,xb011bc582b7c
A2,Numerale ordinale,tes3a,a noua,ninth (feminine),da,x725687acffae
A2,Numerale ordinale,3aaser,al zecelea,tenth (masculine),da,xaf1b6c901a46
A2,Numerale ordinale,3ashra,a zecea,tenth (feminine),da,xe146ad99c759
A2,Descrierea persoanelor,7anun,afectuos / grijuliu,affectionate / caring,da,x1cac067acb2b
A2,Emoții & opinii,3ale2a,relație,relationship,da,x178f5eece4cd
A2,"Conectori & condiționalul (eza, bass, la2an or la2en) la2en or la2an can be also la2enno or la2anno",masalan,de exemplu,for example,da,x86fc9eccae6f
A2,"Conectori & condiționalul (eza, bass, la2an or la2en) la2en or la2an can be also la2enno or la2anno",5aassatan,în special,especially,da,x6011772315b8
A2,"Verbe modale & dorințe (badd-, leezem, fii)",Ne7na baddna shay halla2,Noi vrem ceai acum,We want tea now,da,x5b1dee82edec
A2,Trecutul verbelor,Mbere7 ken badde eshrab mayy,Ieri voiam să beau apă,Yesterday I wanted to drink water,da,x3acb9b98f782
A2,Viitorul (ra7),Bukra 7a ykun badde eshrab mayy,Mâine voi vrea să beau apă,Tomorrow I'll want to drink water,da,x208e1b5e83c5
A2,"Verbe modale & dorințe (badd-, leezem, fii)",Fike tefta7e sh-shibbek?,Poți deschide fereastra? (către o femeie),Can you open the window? (to a woman),da,x3249a7d4b87f
A2,"Verbe modale & dorințe (badd-, leezem, fii)",Ana fiye efta7 sh-shibbek,Eu pot deschide fereastra,I can open the window,da,x6e792adbe1e3
A2,Muncă & birou,sherke,companie,company,da,x05a45b4faff5
A2,Emoții & opinii,b7ebb,îmi place,I like,da,x71e0e09e096a
A2,Emoții & opinii,ma b7ebb,nu îmi place,I don't like,da,xf8acaab22de2
A2,La doctor & farmacie,saydaliyye,farmacie,pharmacy,da,x91e33d0e0c5e
A2,"Hobby-uri, sport & timp liber",film,film,film,da,x9e932254dd22
A2,"Hobby-uri, sport & timp liber",musi2a,muzică,music,da,x2bdc46db1dc6
A2,"Hobby-uri, sport & timp liber",telefizyon,televizor,television,da,x28a4e201eeba
A2,Muncă & birou,sho8le,"lucru, treabă","thing, task",da,xe9f5452ee41d
A2,Trecutul verbelor,sar,"a devenit, s-a întâmplat","he became, it happened",da,xe9a0d7c691bb
A2,Trecutul verbelor,ra7,a mers,he went,da,x439dd79bb37b
A2,Trecutul verbelor,eja,a venit,he came,da,x94f2584ba18e
A2,Trecutul verbelor,3emel,a făcut,he did,da,xecf2c7f6cc36
A2,Trecutul verbelor,2al,a spus,he said,da,x318cb1a691a8
A2,Trecutul verbelor,akal,a mâncat,he ate,da,xcb36cdb965bd
A2,Trecutul verbelor,eshtara,a cumpărat,he bought,da,x5d9966fe4429
A2,Trecutul verbelor,s7a,s-a trezit,he woke up,da,x86493c7d2d46
A2,Trecutul verbelor,li3eb,s-a jucat,he played,da,xe07a3b44b8c3
A2,Trecutul verbelor,7ke,a vorbit,he spoke,da,x591d6918fea4
A2,Trecutul verbelor,el esbuu3 el maade,săptămâna trecută,last week,da,x0b4766538a95
A2,Trecutul verbelor,esh shaher el made,luna trecută,last month,da,x0480d7f33b94
A2,Trecutul verbelor,es sene el madye,anul trecut,last year,da,xf9c8eb53d3b9
A2,Trecutul verbelor,zamen,"demult, odinioară","long ago, in the old days",da,xd018acae6d0c
A2,"Conectori & condiționalul (eza, bass, la2an or la2en) la2en or la2an can be also la2enno or la2anno",lamma,când (în trecut),when (in the past),da,xfe9acbf28519
A2,Emoții & opinii,b3ajebne,îmi place,I like it,da,xbb213dda65fb
A2,Emoții & opinii,ma b3ajebne,nu îmi place,I don't like it,da,x15e853fd9439
A2,Emoții & opinii,ra2ye,opinia mea,my opinion,da,x74f03880d15a
A2,Emoții & opinii,shu ra2yak?,care e opinia ta?,what's your opinion?,da,x9778d5fe834b
A2,Comparative & superlative,a7san,"mai bun, cel mai bun","better, best",da,x6d50e2c47aab
A2,Comparative & superlative,aswa2,"mai rău, cel mai rău","worse, worst",da,x1c7b07666652
A2,Emoții & opinii,mufaddal,preferat,favourite,da,x4f824024ef07
A2,"Hobby-uri, sport & timp liber",hwaye,hobby,hobby,da,x7cc227c45ed9
A2,"Hobby-uri, sport & timp liber",ehtimem,interes,interest,da,xed300573a025
A2,"Hobby-uri, sport & timp liber",riyada,sport,sport,da,x3914980c0576
A2,"Hobby-uri, sport & timp liber",fann,artă,art,da,x8fccea753165
A2,"Hobby-uri, sport & timp liber",o8niye,cântec,song,da,x7a605c6f29b8
A2,"Hobby-uri, sport & timp liber",musalsal,serial,TV series,da,x356c5a072df9
A2,"Hobby-uri, sport & timp liber",safar,călătorie,travel,da,x97a1ebd7743f
A2,"Hobby-uri, sport & timp liber",rasm,desen,drawing,da,x0ca8ae20d197
A2,"Hobby-uri, sport & timp liber",taswir,fotografie,photography,da,xd9d3c7c9a01c
A2,"Hobby-uri, sport & timp liber",2raye,citit,reading,da,x8a53136b0580
A2,Emoții & opinii,mamell,plictisitor,boring,da,xe5d8c5643057
A2,Emoții & opinii,musiir,"interesant, captivant","exciting, interesting",da,x117856af2fff
A2,Emoții & opinii,momte3,distractiv,fun,da,x6c7fde5395b5
A2,Emoții & opinii,mohemm,important,important,da,x0b510e835516
A2,Emoții & opinii,mish mohemm,neimportant,unimportant,da,x56298938a77a
A2,Emoții & opinii,sa7,"corect, adevărat","correct, true",da,xc21a521596ae
A2,Emoții & opinii,8alat,greșit,wrong,da,xbb76946890d0
A2,"Verbe modale & dorințe (badd-, leezem, fii)",lezem,trebuie,"must, have to",da,x22ab8a281f78
A2,"Verbe modale & dorințe (badd-, leezem, fii)",momken,"posibil, pot","possible, I can",da,xba00455af9c9
A2,"Verbe modale & dorințe (badd-, leezem, fii)",b2dar,"pot, sunt capabil","I can, I'm able",da,xa32cc2a18993
A2,"Verbe modale & dorințe (badd-, leezem, fii)",ma b2dar,nu pot,I can't,da,xf2590ea33f73
A2,"Verbe modale & dorințe (badd-, leezem, fii)",ma fi,"nu se poate, nu există","not possible, there isn't",da,x8766c501008d
A2,"Verbe modale & dorințe (badd-, leezem, fii)",mamnuu3,interzis,forbidden,da,x8d7f2f9b6e73
A2,"Verbe modale & dorințe (badd-, leezem, fii)",masmu7,permis,allowed,da,x43d776262ccf
A2,"Verbe modale & dorințe (badd-, leezem, fii)",daruure,necesar,necessary,da,xa717d4c908c4
A2,Emoții & opinii,muhemm,important,important,da,x118bc4718ba2
A2,"Verbe modale & dorințe (badd-, leezem, fii)",fine,pot eu (literal: în mine),I can (lit. in me),da,x31d854362fec
A2,"Verbe modale & dorințe (badd-, leezem, fii)",ma fine,nu pot eu,I can't,da,xf7caa76ed048
A2,"Verbe modale & dorințe (badd-, leezem, fii)",bsir,"se poate, devine","it's possible, it becomes",da,xb32cf5631bc2
A2,"Verbe modale & dorințe (badd-, leezem, fii)",ma bsir,nu se poate,it's not possible,da,x77a9b4057723
A2,"Verbe modale & dorințe (badd-, leezem, fii)",ejbere,obligatoriu,compulsory,da,x8fa177e7a35f
A2,"Verbe modale & dorințe (badd-, leezem, fii)",e5tiyeere,opțional,optional,da,xb84358c9305c
A2,"Verbe modale & dorințe (badd-, leezem, fii)",ezen,permisiune,permission,da,x8041036be235
A2,"Verbe modale & dorințe (badd-, leezem, fii)",sama7,"permisiune, iertare","permission, forgiveness",da,x875961bbf2a5
A2,"Conectori & condiționalul (eza, bass, la2an or la2en) la2en or la2an can be also la2enno or la2anno",iza,dacă (condiție reală),if (real condition),da,x69a1f0ce15ca
A2,"Conectori & condiționalul (eza, bass, la2an or la2en) la2en or la2an can be also la2enno or la2anno",momken,"posibil, poate","possible, maybe",da,x5243e56ac7f5
A2,"Conectori & condiționalul (eza, bass, la2an or la2en) la2en or la2an can be also la2enno or la2anno",akiid,"sigur, cu siguranță","sure, certainly",da,xe889e0b6b1a4
A2,"Conectori & condiționalul (eza, bass, la2an or la2en) la2en or la2an can be also la2enno or la2anno",yemken,"poate, probabil","maybe, probably",da,x578206964323
A2,"Conectori & condiționalul (eza, bass, la2an or la2en) la2en or la2an can be also la2enno or la2anno",balke sau barke ,"poate, s-ar putea","maybe, it might be",da,x8f5e7a5072af
A2,"Conectori & condiționalul (eza, bass, la2an or la2en) la2en or la2an can be also la2enno or la2anno",aw,sau,or,da,x6f95c850ece3
A2,"Conectori & condiționalul (eza, bass, la2an or la2en) la2en or la2an can be also la2enno or la2anno",bass,"dar, doar","but, only",da,xd6844aa4001f
A2,"Verbe modale & dorințe (badd-, leezem, fii)",leezem,"trebuie, necesar","must, necessary",da,x709bbe56552f
A2,"Verbe modale & dorințe (badd-, leezem, fii)",darure,"necesar, obligatoriu","necessary, compulsory",da,x6b5507f834cd
A2,"Conectori & condiționalul (eza, bass, la2an or la2en) la2en or la2an can be also la2enno or la2anno",musta7il,imposibil,impossible,da,xd25c8ecef242
A2,"Conectori & condiționalul (eza, bass, la2an or la2en) la2en or la2an can be also la2enno or la2anno",mu7tamal/yemken,probabil,probable,da,xf84f5fe60ec1
A2,"Conectori & condiționalul (eza, bass, la2an or la2en) la2en or la2an can be also la2enno or la2anno",shart,condiție,condition,da,xe29de918d71b
A2,"Conectori & condiționalul (eza, bass, la2an or la2en) la2en or la2an can be also la2enno or la2anno",7aale,"situație, caz","situation, case",da,x8392adb31291
A2,"Conectori & condiționalul (eza, bass, la2an or la2en) la2en or la2an can be also la2enno or la2anno",fursa,"șansă, ocazie","chance, opportunity",da,xc5f1ee6fab31
A2,Viitorul (ra7),5ette,plan,plan,da,xe01a330fdebd
A2,Viitorul (ra7),ra7 sau la7 sau 7a… ,marker pentru viitor,future marker,da,xdc08dc2f80ba
A2,Viitorul (ra7),shu ra7 ta3mel?,ce vei face?,what will you do?,da,x5d7b56f1b60e
A2,Viitorul (ra7),ra7 ru7,voi merge,I will go,da,xb8eac97f73b9
A2,Viitorul (ra7),ra7 eshte8el,voi lucra,I will work,da,x6712e3b0a8dc
A2,Viitorul (ra7),ra7 2eebel,voi întâlni,I will meet,da,xc0223729b0de
A2,Viitorul (ra7),ra7 safer,voi călători,I will travel,da,x55986ac8b184
A2,Viitorul (ra7),ra7 a3mol,voi face,I will do,da,x15634396ab89
A2,Viitorul (ra7),ra7 kuun,voi fi,I will be,da,x3add67f6c7e9
A2,Viitorul (ra7),ra7 eje,voi veni,I will come,da,xf9fa7a27f55e
A2,Viitorul (ra7),ra7 ousal,voi ajunge,I will arrive,da,xe54fcea5d1d6
A2,Viitorul (ra7),ra7 e7ke,voi vorbi,I will speak,da,x9cc068fcc32e
A2,Viitorul (ra7),ra7 shuf,voi vedea,I will see,da,x9ce9812c5fea
A2,Viitorul (ra7),el esbuu3 el jeye sau el esbuu3 el jey,săptămâna viitoare,next week,da,x1f48f3d600e1
A2,Viitorul (ra7),esh shaher el jeye sau esh shaher el jey,luna viitoare,next month,da,x603ead564011
A2,Viitorul (ra7),es sene el jeye sau es sene el jey,anul viitor,next year,da,xdd6347e89e77
A2,Sărbători & expresii culturale libaneze,nshallah,dacă vrea Dumnezeu,God willing,da,xf9171db5c992
A2,"Conectori & condiționalul (eza, bass, la2an or la2en) la2en or la2an can be also la2enno or la2anno",yemken,poate,maybe,da,x4acf61a9bf63
A2,Viitorul (ra7),5otta,plan,plan,da,x0848abb9e16e
A2,Programări & întâlniri,maw3ad,"întâlnire, programare","meeting, appointment",da,xc85c8f1db73b
A2,"Călătorii, aeroport & hotel",re7le,călătorie,trip,da,x15d0d65e5722
A2,"Călătorii, aeroport & hotel",3otle,vacanță,holiday,da,x9a4bd266900c
A2,Viitorul (ra7),mosta2bal,viitor,future,da,x59ce547028d8
A2,Emoții & opinii,7elem,"vis, visare",dream,da,x6d158c4ea9d1
A2,"Hobby-uri, sport & timp liber",fatbool sau futbool,Fotbal,Football,da,x04db024323c5
B1,Participii & pasiv,2ee3ed,Stând / așezat (masculin),Sitting / seated (masculine),da,c18a7df927c99
B1,Participii & pasiv,Raye7,Merg / în drum spre (masculin),Going / on my way (masculine),da,c92e1fdd21c71
B1,Participii & pasiv,Ray7a,Merg / în drum spre (feminin),Going / on my way (feminine),da,c6b1cfc65eded
B1,Participii & pasiv,Ray7iin,În drum spre (plural),On the way (plural),da,cb50b322715fb
B1,Participii & pasiv,Jeeye,Vin / voi veni (feminin),Coming / will come (feminine),da,c46ebe801cc35
B1,Participii & pasiv,Felel,Plec / voi pleca (masculin),Leaving / will leave (masculine),da,c5b0cb8a38f8b
B1,Sistemul verbal: lexic verbal extins,2akkad,El a asigurat / confirmat.,He assured / confirmed.,da,c7644a24df0ef
B1,Condiționalul ireal (law),Law,Dacă (situație ireală / contrafactuală),If (unreal / counterfactual),da,c6bcfc897332e
B1,Condiționalul ireal (law),Law ken ma3e masaare ken shtarayet sayyara jdiide,"Dacă aș fi avut bani, aș fi cumpărat o mașină nouă.","If I'd had money, I would have bought a new car.",da,c7a1ae507b253
B1,Sistemul verbal: lexic verbal extins,8ayyar,A schimba ceva (forma II),To change something (Form II),da,cf138920c3c44
B1,Sistemul verbal: lexic verbal extins,5arrab,A strica (forma II),To ruin / break (Form II),da,c802942fbb6cf
B1,Sistemul verbal: lexic verbal extins,Sallam,A saluta (forma II),To greet (Form II),da,c6c77c206f313
B1,Sistemul verbal: lexic verbal extins,7addar,A pregăti (forma II),To prepare (Form II),da,c2630f56d5ab0
B1,Sistemul verbal: lexic verbal extins,Zabbat,A aranja (forma II),To arrange / fix (Form II),da,c3a2303b1e8b1
B1,Sistemul verbal: lexic verbal extins,Fakkar,A se gândi (forma II),To think (Form II),da,cae62a569a1db
B1,Sistemul verbal: lexic verbal extins,3allam,A preda (forma II),To teach (Form II),da,cb1aa3ce1b124
B1,Sistemul verbal: lexic verbal extins,T3allam,A învăța (forma V),To learn (Form V),da,ce12819ee7293
B1,Sistemul verbal: lexic verbal extins,T5arraj,A absolvi (forma V),To graduate (Form V),da,c9d730cd7ad2c
B1,Sistemul verbal: lexic verbal extins,Tsharraf,A se onora (forma V),To be honoured (Form V),da,ceff1a1925dbd
B1,Sistemul verbal: lexic verbal extins,Trawwa2,A lua micul dejun (forma V),To have breakfast (Form V),da,c972025174628
B1,Sistemul verbal: lexic verbal extins,T8ayyar,A se schimba (forma V),To change (Form V),da,c6feb9860df5a
B1,Sistemul verbal: lexic verbal extins,Kassar,A face bucăți (forma II),To smash (Form II),da,c4f50cf177710
B1,Sistemul verbal: lexic verbal extins,Tkassar,S-a făcut bucăți (forma V),It got smashed (Form V),da,cba6c427d3424
B1,Sistemul verbal: lexic verbal extins,Nkasar,S-a spart (forma VII),It broke (Form VII),da,cf552537e018b
B1,Sistemul verbal: lexic verbal extins,Nfata7,S-a deschis (forma VII),It opened (Form VII),da,c080e23dcc7a4
B1,Sistemul verbal: lexic verbal extins,N2ata3,S-a tăiat / s-a întrerupt (forma VII),It got cut / cut off (Form VII),da,cb42bc860a5fb
B1,Sistemul verbal: lexic verbal extins,Nbasat,A se bucura,To be pleased,da,c2515852ad6c3
B1,Sistemul verbal: lexic verbal extins,Benkeser,Mă sparg (model verbal din exercițiu),I break (exercise verb pattern),da,cca443b8dc625
B1,Sistemul verbal: lexic verbal extins,hajar,a abandona,he abandoned,da,ceca69d1a7396
B1,Sistemul verbal: lexic verbal extins,3ajab,a-i plăcea cuiva,appeal to,da,c6a0a38005797
B1,"Teme abstracte: societate, politică, economie",5ataf,a răpi,he abducted,da,c3bb964a09e68
B1,Sistemul verbal: lexic verbal extins,za22af,a aplauda,he applauded,da,c505ad542ea3d
B1,Participii & pasiv,2aadir,capabil să; în stare să,able to,da,c01366ebd3315
B1,Sistemul verbal: lexic verbal extins,2addam 3ala,a candida la; a depune o cerere pentru,he applied to,da,c487f86e0dabd
B1,"Teme abstracte: societate, politică, economie",3ayyan,a numi într-o funcție,he appointed,da,c03df49785fa4
B1,Sistemul verbal: lexic verbal extins,refi2,a însoți,he accompanied,da,ce89ceeb76521
B1,Sistemul verbal: lexic verbal extins,2addar,a aprecia,he appreciated,da,cfd0732ffc4c1
B1,Sistemul verbal: lexic verbal extins,5allis,a duce la bun sfârșit,he accomplished,da,cf0ec3309908c
B1,Sistemul verbal: lexic verbal extins,2ebel fi,a aproba,he approved of,da,ce5512f8e2c0e
B1,"Teme abstracte: societate, politică, economie",t-taham or ettaham,a acuza,he accused,da,c27c2e0daef30
B1,Participii & pasiv,m3awwad,obișnuit,accustomed,da,cd5db8ea9ce03
B1,"Teme abstracte: societate, politică, economie",3ta2al,a aresta,he arrested,da,cecea285cb1bf
B1,Sistemul verbal: lexic verbal extins,7a22a2,a realiza; a îndeplini,he achieved,da,ca06b7addb8df
B1,"Teme abstracte: societate, politică, economie",mo3ta2al,arestat,arrested,da,cb07cc86565cc
B1,Sistemul verbal: lexic verbal extins,t3arraf,a face cunoștință,he got acquainted,da,cef22ecd9f003
B1,Sistemul verbal: lexic verbal extins,kasab,a dobândi,he acquired,da,cba6f7e4a7dd2
B1,Sistemul verbal: lexic verbal extins,massal,a juca un rol,he acted,da,c4a683795ff16
B1,"Teme abstracte: societate, politică, economie",3tada,a agresa,he assaulted,da,ceabb44395f1f
B1,Sistemul verbal: lexic verbal extins,3taraf,a recunoaște; a admite,he admitted,da,c452cd5aa53eb
B1,Sistemul verbal: lexic verbal extins,5amman,a presupune,he assumed,da,c932bec7b1c5d
B1,Sistemul verbal: lexic verbal extins,tbanna,a adopta,he adopted,da,c43c29752c137
B1,Sistemul verbal: lexic verbal extins,2akkad,a asigura; a confirma,he assured,da,cdab9bdf67491
B1,Sistemul verbal: lexic verbal extins,nasa7,a sfătui,he advised,da,c06a44b07ab4a
B1,"Teme abstracte: societate, politică, economie",hajam,a ataca,he attacked,da,c1180fdcf218a
B1,Sistemul verbal: lexic verbal extins,2assir,a afecta; a influența,he affected,da,c2cd021053622
B1,Sistemul verbal: lexic verbal extins,saab,a lovi; a afecta prin suferință,he afflicted,da,ca31af110aef8
B1,Sistemul verbal: lexic verbal extins,jazab,a atrage,he attracted,da,cf1493d7070d7
B1,Sistemul verbal: lexic verbal extins,tfeda,a evita,he avoided,da,c5b5656f475e8
B1,Sistemul verbal: lexic verbal extins,ntaza3,a se strica,it went bad,da,c2081e2125770
B1,Sistemul verbal: lexic verbal extins,3assab,a enerva,he got angry,da,cbe16a5e64b89
B1,Sistemul verbal: lexic verbal extins,2a3lan,a anunța,he announced,da,ce54bf9ada23e
B1,Sistemul verbal: lexic verbal extins,t7ammal,a suporta,"he bore, endured",da,c0f1460af2253
B1,Sistemul verbal: lexic verbal extins,ghalab,a învinge,"he beat, defeated",da,cf17ba30f510b
B1,"Teme abstracte: societate, politică, economie",rasha,a mitui,he bribed,da,c3e31fd79fa4b
B1,Sistemul verbal: lexic verbal extins,sha7ad,a cerși bani,he begged for money,da,c70ecd63d7712
B1,Sistemul verbal: lexic verbal extins,trajja,a implora,he begged,da,c4519128b58d6
B1,Sistemul verbal: lexic verbal extins,rakkab,a fixa; a închide o cataramă,he buckled,da,ccad8bbf64535
B1,Sistemul verbal: lexic verbal extins,t2addab,a se comporta frumos,he behaved,da,c97d735ed5ff9
B1,Sistemul verbal: lexic verbal extins,yenteme,a aparține,he belongs,da,c79ac2fe27f42
B1,Sistemul verbal: lexic verbal extins,tdasha,a râgâi,he burped,da,cb7406d69c52f
B1,Sistemul verbal: lexic verbal extins,rahan,a paria,he bet,da,cec647baf2215
B1,Sistemul verbal: lexic verbal extins,dafan,a îngropa,he buried,da,c3ad218fe7dfe
B1,Sistemul verbal: lexic verbal extins,5aan,a trăda,he betrayed,da,c1999f0f885e0
B1,Sistemul verbal: lexic verbal extins,nshaghal,a fi ocupat,he got busy,da,ccfc25dd5485a
B1,Sistemul verbal: lexic verbal extins,rabat,a lega,"he bound, tied",da,c768491293498
B1,Sistemul verbal: lexic verbal extins,ghamaz,a clipi,he blinked,da,c319afd1a04f2
B1,Sistemul verbal: lexic verbal extins,htam,a-i păsa; a se interesa,care,da,c2251462b41ad
B1,Sistemul verbal: lexic verbal extins,7marr,a se înroși,he blushed,da,c87e877d640a0
B1,Sistemul verbal: lexic verbal extins,sabbab,a cauza,he caused,da,ccbadc2765662
B1,Sistemul verbal: lexic verbal extins,t7awwal,a se transforma în,he changed into,da,c8a756db2fe07
B1,Sistemul verbal: lexic verbal extins,sta3aar,a împrumuta de la cineva,he borrowed,da,ca193624f0446
B1,Sistemul verbal: lexic verbal extins,5aan,a înșela,he cheated,da,ca3bc3a948377
B1,Sistemul verbal: lexic verbal extins,tajj,a sălta; a ricoșa,he bounced,da,c2b9298be508c
B1,Sistemul verbal: lexic verbal extins,shajja3,a încuraja,he cheered,da,c7e20296ba0de
B1,Sistemul verbal: lexic verbal extins,radda3,a alăpta,he breastfed,da,c9c2e9f66e784
B1,Sistemul verbal: lexic verbal extins,5tana2,a se sufoca,he choked,da,c6510dd2f6779
B1,Sistemul verbal: lexic verbal extins,sharda2,a se îneca cu mâncare,he choked on food,da,cd667f0e89200
B1,Sistemul verbal: lexic verbal extins,7tawa,a conține,he contained,da,c0bbbe93423e3
B1,Sistemul verbal: lexic verbal extins,saytar,a controla,he controlled,da,c14d3f6d2e376
B1,"Teme abstracte: societate, politică, economie",dda3a,a pretinde,he claimed,da,c685178525073
B1,Sistemul verbal: lexic verbal extins,2anna3,a convinge,he convinced,da,c70f41d166295
B1,Sistemul verbal: lexic verbal extins,kabas,a apăsa,he clicked,da,cbdb5c79c0856
B1,Sistemul verbal: lexic verbal extins,lazza2,a lipi; a se agăța,he clung,da,c99d630a03776
B1,Sistemul verbal: lexic verbal extins,nhaar,a se prăbuși,he collapsed,da,cf194604f956e
B1,Sistemul verbal: lexic verbal extins,7aba,a merge de-a bușilea,he crawled,da,c693cd089de4c
B1,Sistemul verbal: lexic verbal extins,2amar,a porunci,he commanded,da,ca5de7076d7e2
B1,Sistemul verbal: lexic verbal extins,nta2ad,a critica,he criticized,da,cd0d6963091f1
B1,Sistemul verbal: lexic verbal extins,ltazam,a se angaja să; a se obliga să,he committed,da,cea33e47d428b
B1,Sistemul verbal: lexic verbal extins,na2,a se plânge,he complained,da,c8d642805781c
B1,Sistemul verbal: lexic verbal extins,t7adda,a concura,he competed,da,c9521bc764dd0
B1,Sistemul verbal: lexic verbal extins,la3an,a blestema,he cursed,da,cb10f4f07dbc5
B1,Sistemul verbal: lexic verbal extins,tjewab,a se conforma,he complied,da,c3cb443f79d3e
B1,Sistemul verbal: lexic verbal extins,dammar,a distruge; a deteriora,he damaged,da,c9c2bf2d7ffad
B1,Sistemul verbal: lexic verbal extins,2allaf,a compune,he composed,da,cd0cded65f012
B1,Sistemul verbal: lexic verbal extins,5ass,a privi; a avea legătură cu,he concerned,da,c03c1df52b8a0
B1,Sistemul verbal: lexic verbal extins,t3amal,a avea de-a face cu,he dealt,da,cccaa063bd8c6
B1,Sistemul verbal: lexic verbal extins,stantaj,a trage o concluzie,he concluded,da,cc2faef5a4c98
B1,Sistemul verbal: lexic verbal extins,5ada3,a păcăli,he deceived,da,c8ec8a8d1e23c
B1,"Teme abstracte: societate, politică, economie",den,a condamna,he condemned,da,c7eb0395ef143
B1,Sistemul verbal: lexic verbal extins,3taraf,a mărturisi,he confessed,da,c1ac3f7c01302
B1,Sistemul verbal: lexic verbal extins,2a3lan,a declara,he declared,da,c4ac8666f3786
B1,Sistemul verbal: lexic verbal extins,2akkad,a confirma,he confirmed,da,c6f08bfcca7ea
B1,Sistemul verbal: lexic verbal extins,rafad,a refuza,he declined,da,cf42e8405e2d1
B1,Sistemul verbal: lexic verbal extins,la5bat,a încurca,he confused,da,c666885ad3712
B1,Sistemul verbal: lexic verbal extins,hazam,a învinge,he defeated,da,cac1cf3a173b2
B1,Sistemul verbal: lexic verbal extins,defa3,a apăra,he defended,da,c00774b14ae92
B1,Sistemul verbal: lexic verbal extins,3tabar,a considera,he considered,da,cee417e269894
B1,Sistemul verbal: lexic verbal extins,7addad,a defini,he defined,da,c4b2211c002c9
B1,Sistemul verbal: lexic verbal extins,stashaar,a consulta,he consulted,da,c6e488b89f2aa
B1,Sistemul verbal: lexic verbal extins,hadd,a demola,he demolished,da,c259f44b4f0b2
B1,Sistemul verbal: lexic verbal extins,bayyan,a demonstra; a arăta,he demonstrated,da,c46051bfe9411
B1,Sistemul verbal: lexic verbal extins,sabagh,a vopsi,he dyed,da,cb975664a29fc
B1,Sistemul verbal: lexic verbal extins,rafad,a nega; a respinge,he denied,da,cac5b4fae52f6
B1,Sistemul verbal: lexic verbal extins,salla7,a corecta; a edita,he edited,da,c553534c24493
B1,"Teme abstracte: societate, politică, economie",sawwat,a vota,"he voted, elected",da,c38e131f3f255
B1,Sistemul verbal: lexic verbal extins,damm,a îmbrățișa,he embraced,da,c1084f2fddd22
B1,Sistemul verbal: lexic verbal extins,stehal,a merita,he deserved,da,c1938b83f7ed9
B1,Sistemul verbal: lexic verbal extins,sammam,a proiecta,he designed,da,cdecf61925c2d
B1,Sistemul verbal: lexic verbal extins,tawwar,a dezvolta,he developed,da,cc4888404df55
B1,Sistemul verbal: lexic verbal extins,stamta3,a se bucura de,he enjoyed,da,c31c33bd2c323
B1,Sistemul verbal: lexic verbal extins,7afar,a săpa,he dug,da,cb601a1eabb73
B1,Sistemul verbal: lexic verbal extins,salla,a distra,he entertained,da,ca119a15b7e4a
B1,Sistemul verbal: lexic verbal extins,5tafa,a dispărea,he disappeared,da,c42ec81bc685f
B1,Sistemul verbal: lexic verbal extins,2addab,a disciplina,he disciplined,da,ccc8cf818fbf5
B1,Sistemul verbal: lexic verbal extins,nfajar,a erupe,he erupted,da,ccef36da947fb
B1,Sistemul verbal: lexic verbal extins,ktashaf,a descoperi,he discovered,da,c846bc6d3ad48
B1,Sistemul verbal: lexic verbal extins,ne2ash,a discuta,he discussed,da,c03337394cfb2
B1,Sistemul verbal: lexic verbal extins,2assas,a înființa,he established,da,cd9656be1f42e
B1,Sistemul verbal: lexic verbal extins,2addar,a estima,he estimated,da,c57ea8c141f21
B1,Sistemul verbal: lexic verbal extins,deb,a se dizolva,"he dissolved, melted",da,cf1efa4e7f730
B1,Sistemul verbal: lexic verbal extins,farra2,a deosebi,he distinguished,da,c4d29524f0fd3
B1,Sistemul verbal: lexic verbal extins,3azar,a scuza,he excused,da,cfab0fef22ce0
B1,Sistemul verbal: lexic verbal extins,halaj,a epuiza,he exhausted,da,c22d24485ce89
B1,Sistemul verbal: lexic verbal extins,2asam,a împărți,he divided,da,ce9b755e0e735
B1,Sistemul verbal: lexic verbal extins,twa22a3,a se aștepta la,he expected,da,c8034e252b8f7
B1,"Teme abstracte: societate, politică, economie",tala2,a divorța,he divorced,da,cb0b5d2a9ca97
B1,Sistemul verbal: lexic verbal extins,shak,a se îndoi,he doubted,da,c107dd2251c09
B1,Sistemul verbal: lexic verbal extins,nazzal,a descărca,he downloaded,da,c254905ce30b1
B1,Sistemul verbal: lexic verbal extins,fajar,a provoca o explozie,he exploded,da,cf37102ae7335
B1,Sistemul verbal: lexic verbal extins,jar,a târî,he dragged,da,c429f80deeb60
B1,Sistemul verbal: lexic verbal extins,stakshaf,a explora,he explored,da,c47d6bc8f67a2
B1,Sistemul verbal: lexic verbal extins,3abbar,a exprima,he expressed,da,c17297f622c91
B1,Sistemul verbal: lexic verbal extins,madd,a extinde,he extended,da,c40ec652f68e5
B1,Sistemul verbal: lexic verbal extins,wejah,a înfrunta,he faced,da,c115631e7e8ae
B1,Sistemul verbal: lexic verbal extins,seker,a se îmbăta,he got drunk,da,c9f067d7ac1ab
B1,Sistemul verbal: lexic verbal extins,darat,a trage un vânt,he farted,da,c8c45926a96c5
B1,Sistemul verbal: lexic verbal extins,rebe7,a câștiga,"he gained, won",da,ccfa40ab10057
B1,Sistemul verbal: lexic verbal extins,sarra3,a accelera,he sped up,da,cfb1812c3d2cf
B1,Sistemul verbal: lexic verbal extins,bakkal,a fixa; a prinde,he fastened,da,c4ed9182caac8
B1,Sistemul verbal: lexic verbal extins,t2ammal,a privi atent,he gazed,da,c81309a764fa4
B1,Sistemul verbal: lexic verbal extins,t5arraj,a absolvi,he graduated,da,cd234e33719ff
B1,Sistemul verbal: lexic verbal extins,sayyaj,a împrejmui,he fenced,da,c501821a7b88c
B1,Sistemul verbal: lexic verbal extins,7aras,a păzi,he guarded,da,c26900c9a4c5d
B1,Sistemul verbal: lexic verbal extins,5aana2,a se certa; a se bate,he fought,da,ce04cbe196443
B1,Sistemul verbal: lexic verbal extins,barad,a pili,he filed,da,cab4a34818be5
B1,Sistemul verbal: lexic verbal extins,dal,a îndruma,he guided,da,cc487c825316c
B1,Sistemul verbal: lexic verbal extins,da2,a bate cu ciocanul,he hammered,da,c3ca572b58f54
B1,Sistemul verbal: lexic verbal extins,twajjah la,a se îndrepta spre,he headed toward,da,c0eb6231c5db9
B1,Sistemul verbal: lexic verbal extins,zabat,a se potrivi,he fit,da,cdc4a4023d196
B1,Sistemul verbal: lexic verbal extins,taaf,a pluti,he floated,da,c32ad87b1ed16
B1,Sistemul verbal: lexic verbal extins,traddad,a ezita,he hesitated,da,c431b2c797478
B1,Sistemul verbal: lexic verbal extins,t5abba,a se ascunde,he hid,da,c08f59ff0ef0e
B1,Sistemul verbal: lexic verbal extins,mana3,a interzice,he forbade,da,c04e525244d36
B1,Sistemul verbal: lexic verbal extins,jabar,a obliga,he forced,da,c6c409a3020c5
B1,Sistemul verbal: lexic verbal extins,haan,a umili,he humiliated,da,c5ba48c02fcab
B1,Sistemul verbal: lexic verbal extins,shakkal,a forma,he formed,da,c53466daa982d
B1,Sistemul verbal: lexic verbal extins,t5eyal,a-și imagina,imagine,da,c101ed36bb46e
B1,"Teme abstracte: societate, politică, economie",farad,a impune,he imposed,da,cfa28fd55b27c
B1,Sistemul verbal: lexic verbal extins,ra3ab,a înspăimânta,he frightened,da,c304ed52b799f
B1,"Teme abstracte: societate, politică, economie",7abas,a închide în închisoare,he imprisoned,da,c89abbbc1faf5
B1,Sistemul verbal: lexic verbal extins,3abas,a se încrunta,he frowned,da,c0db86c71cf28
B1,Sistemul verbal: lexic verbal extins,tawwar,a îmbunătăți,he improved,da,ce8c827c490c4
B1,Sistemul verbal: lexic verbal extins,shamal,a include,he included,da,c60c1664f862e
B1,Sistemul verbal: lexic verbal extins,3alla,a mări,he increased,da,cbb28bc878ac2
B1,Sistemul verbal: lexic verbal extins,dal,a indica,he indicated,da,c030adb293375
B1,Sistemul verbal: lexic verbal extins,stal2a,a se întinde,he lay down,da,c1e47d70e7bcb
B1,Sistemul verbal: lexic verbal extins,2aad,a conduce; a ghida,he led,da,c617859f0edcf
B1,Sistemul verbal: lexic verbal extins,2assar,a influența,he influenced,da,ca3c9efebeca2
B1,Sistemul verbal: lexic verbal extins,ballagh,a informa,he informed,da,c11094e9bf62f
B1,Sistemul verbal: lexic verbal extins,bedar,a iniția,he initiated,da,c539490c0315d
B1,"Teme abstracte: societate, politică, economie",7arrar,a elibera,he liberated,da,c566f31fa87f7
B1,Sistemul verbal: lexic verbal extins,la7,a insista,he insisted,da,c1ef49819560c
B1,Sistemul verbal: lexic verbal extins,la7as,a linge,he licked,da,c7d3ca459d7f1
B1,Sistemul verbal: lexic verbal extins,2amar,a da instrucțiuni,he instructed,da,c6401ee60fa8e
B1,Sistemul verbal: lexic verbal extins,nawa,a intenționa,he intended,da,c3a4f10be0482
B1,"Teme abstracte: societate, politică, economie",stajwab,a interoga,he interrogated,da,c44c7cf86339e
B1,Sistemul verbal: lexic verbal extins,5affaf,a ușura,he lightened,da,cb4af48a2f9d5
B1,Sistemul verbal: lexic verbal extins,2aata3,a întrerupe,he interrupted,da,c351219bf144f
B1,Sistemul verbal: lexic verbal extins,wasal,a lega; a conecta,he linked,da,ca7bc3dc979b3
B1,"Teme abstracte: societate, politică, economie",sadar,a emite,he issued,da,cf7503b417aed
B1,Sistemul verbal: lexic verbal extins,ndam,a se alătura,he joined,da,c951647c0cd28
B1,Sistemul verbal: lexic verbal extins,nakkat,a glumi,he joked,da,c43456f22d152
B1,Sistemul verbal: lexic verbal extins,watta,a coborî; a micșora,he lowered,da,ce763e3afb865
B1,Sistemul verbal: lexic verbal extins,maza7,a glumi,"he kidded, joked",da,c1d7640555973
B1,Sistemul verbal: lexic verbal extins,7afaz,a menține,he maintained,da,c2fb7f6802de2
B1,"Teme abstracte: societate, politică, economie",2atal,a ucide,he killed,da,c88532b050f43
B1,Sistemul verbal: lexic verbal extins,bes,a săruta,he kissed,da,c04bdc8734be2
B1,Sistemul verbal: lexic verbal extins,sanna3,a fabrica,he manufactured,da,c19453a0cc83d
B1,Sistemul verbal: lexic verbal extins,dallak,a masa,he massaged,da,ced226b03eb66
B1,Sistemul verbal: lexic verbal extins,2asad,a vrea să spună,he meant,da,c30861275ee54
B1,Sistemul verbal: lexic verbal extins,tna2waz,a trage cu ochiul,he peeped,da,c953b63f3ce8f
B1,Sistemul verbal: lexic verbal extins,zakar,a menționa,he mentioned,da,c3fe87f78ba51
B1,Sistemul verbal: lexic verbal extins,2adda,a îndeplini; a executa,he performed,da,c1bd2961bc627
B1,Sistemul verbal: lexic verbal extins,na2,a cicăli,he nagged,da,c5670797257de
B1,Sistemul verbal: lexic verbal extins,shefe2,a-i fi milă,pity,da,cdb497941f27d
B1,Sistemul verbal: lexic verbal extins,tsatta7,a se întinde pentru un pui de somn,he napped,da,c7c4f8a2e0dda
B1,Sistemul verbal: lexic verbal extins,zara3,a planta,he planted,da,cb67932c274d7
B1,"Teme abstracte: societate, politică, economie",rasha7,a nominaliza,he nominated,da,cab4bd162e412
B1,Sistemul verbal: lexic verbal extins,laa7az,a observa,he noticed,da,cb4bc290c1f3b
B1,Sistemul verbal: lexic verbal extins,t2ammal,a observa; a contempla,he observed,da,c121400754052
B1,Sistemul verbal: lexic verbal extins,7osil 3ala,a obține,he obtained,da,c8f89e10996ea
B1,Sistemul verbal: lexic verbal extins,mada7,a lăuda,he praised,da,cf8d7944568e3
B1,"Teme abstracte: societate, politică, economie",7tal,a ocupa,he occupied,da,c07e57ce7ca21
B1,Sistemul verbal: lexic verbal extins,shaghal,a pune în funcțiune,he operated,da,cf1eea63f81b8
B1,"Teme abstracte: societate, politică, economie",3aarad,a se opune,he opposed,da,c4464f1155c87
B1,Sistemul verbal: lexic verbal extins,la7,a presa; a insista,he pressured,da,ce2c96c0f49f3
B1,Sistemul verbal: lexic verbal extins,2antaj,a produce,he produced,da,ceee53efe9946
B1,Sistemul verbal: lexic verbal extins,malak,a deține,he owned,da,c7ff1c6b82f0b
B1,Sistemul verbal: lexic verbal extins,wa3ad,a promite,he promised,da,c82550f5d3851
B1,Sistemul verbal: lexic verbal extins,sherak,a participa,he participated,da,cb72a96e69b3e
B1,Sistemul verbal: lexic verbal extins,3arad,a propune,he proposed,da,cb3b37c0aec72
B1,Sistemul verbal: lexic verbal extins,7ama,a proteja,he protected,da,cef6367dab970
B1,"Teme abstracte: societate, politică, economie",tzahar,a protesta,he protested,da,c19573d18c67e
B1,Sistemul verbal: lexic verbal extins,talab,a cere,he requested,da,cec2cd09e4d38
B1,Sistemul verbal: lexic verbal extins,barhan,a dovedi,he proved,da,c27e7899307ca
B1,Sistemul verbal: lexic verbal extins,7a2ad,a purta pică,he resented,da,ce75444a0ccdb
B1,Sistemul verbal: lexic verbal extins,2addam,a furniza,he provided,da,cd957be78317d
B1,"Teme abstracte: societate, politică, economie",nashar,a publica,he published,da,cdc09ec237452
B1,Sistemul verbal: lexic verbal extins,2aasas,a pedepsi,he punished,da,c4f49b0f6d885
B1,Sistemul verbal: lexic verbal extins,7taram,a respecta,he respected,da,ca4c5370c23b0
B1,Sistemul verbal: lexic verbal extins,laa7a2,a urmări,he pursued,da,cbb0ba115b884
B1,Sistemul verbal: lexic verbal extins,kashaf,a dezvălui,he revealed,da,c96035a8f09b6
B1,"Teme abstracte: societate, politică, economie",ghtasab,a viola,he raped,da,cca6ea61a6a05
B1,Sistemul verbal: lexic verbal extins,taal,a ajunge la,he reached,da,c4d838380462f
B1,Sistemul verbal: lexic verbal extins,t5allas,a scăpa de,he got rid of,da,cc346ff057e2e
B1,Sistemul verbal: lexic verbal extins,sta3add,a se pregăti,he got ready,da,c8b0113d9c423
B1,Sistemul verbal: lexic verbal extins,stalam,a primi,he received,da,ceb7b8365cc13
B1,Sistemul verbal: lexic verbal extins,baram,a hoinări,he roamed,da,c22be3f342790
B1,Sistemul verbal: lexic verbal extins,sajjal,a înregistra,he recorded,da,cc06f04e80a61
B1,Sistemul verbal: lexic verbal extins,3affan,a putrezi,he rotted,da,cec66dca78317
B1,Sistemul verbal: lexic verbal extins,farak,a freca,he rubbed,da,ca3c0aea89fdd
B1,Sistemul verbal: lexic verbal extins,2allal,a reduce,he reduced,da,c10cd1a99cd4a
B1,Sistemul verbal: lexic verbal extins,nadam,a regreta,he regretted,da,ccd95c4e6537d
B1,Participii & pasiv,n2aal,s-a spus,said,da,c6e0f3e74c3b7
B1,Sistemul verbal: lexic verbal extins,ra55a,a relaxa,he relaxed,da,c0fd418c470b6
B1,Sistemul verbal: lexic verbal extins,sammad,a economisi,he saved,da,cf830c64a3d1b
B1,Sistemul verbal: lexic verbal extins,tzakar,a-și aminti,remember,da,c9f4d3c92fe7f
B1,Sistemul verbal: lexic verbal extins,zakkar,a aminti cuiva,he reminded,da,c4ffc3581f758
B1,Sistemul verbal: lexic verbal extins,5awwaf,a speria,he scared,da,c613e32b82f00
B1,Sistemul verbal: lexic verbal extins,jaddad,a reînnoi,he renewed,da,ce7b4107e4324
B1,Sistemul verbal: lexic verbal extins,sadd,a astupa; a sigila,he sealed,da,c2325756e798b
B1,Sistemul verbal: lexic verbal extins,ballagh,a raporta,he reported,da,c1b080f31e6ec
B1,Sistemul verbal: lexic verbal extins,fasal,a separa,he separated,da,c691773930536
B1,Sistemul verbal: lexic verbal extins,7addad,a stabili,he set,da,c096c4d63a6a6
B1,Sistemul verbal: lexic verbal extins,baza2,a scuipa,he spat,da,c2222f2aea3c0
B1,Sistemul verbal: lexic verbal extins,5ayyat,a coase,he sewed,da,cc3ca6bcaed3c
B1,Sistemul verbal: lexic verbal extins,ba55,a pulveriza,he sprayed,da,c0275d45f6e52
B1,Sistemul verbal: lexic verbal extins,hazz,a scutura,he shook,da,c0fa4e030e2e7
B1,Sistemul verbal: lexic verbal extins,kabas,a capsa,he stapled,da,c9360da391dfe
B1,Sistemul verbal: lexic verbal extins,b7alli2,a se holba,he stares,da,cadea1ad225a1
B1,Sistemul verbal: lexic verbal extins,lama3,a străluci,he shone,da,cbb6b898c4a22
B1,Sistemul verbal: lexic verbal extins,5add,a șoca,he shocked,da,ce0e50ee8b662
B1,Sistemul verbal: lexic verbal extins,da3as,a călca,he stepped,da,cf48a557b1a79
B1,Sistemul verbal: lexic verbal extins,lazza2,a lipi,he stuck,da,ca3fcd75fdead
B1,Sistemul verbal: lexic verbal extins,5arras,a face să tacă,he silenced,da,c9db97493c1d8
B1,Sistemul verbal: lexic verbal extins,staghrab,a se mira,he found it strange,da,cb752b95a0412
B1,Sistemul verbal: lexic verbal extins,madd,a întinde,he stretched,da,cba7e3e91b713
B1,Sistemul verbal: lexic verbal extins,ghere2,a se scufunda,he sank,da,c9578f448372b
B1,Sistemul verbal: lexic verbal extins,5abat,a trânti,he slammed,da,c31486aeef201
B1,Sistemul verbal: lexic verbal extins,ghaas,a se scufunda,he submerged,da,ccc50af620cef
B1,Sistemul verbal: lexic verbal extins,2addam,a depune; a prezenta,he submitted,da,cd2b9d383dba0
B1,Sistemul verbal: lexic verbal extins,3aana,a suferi,he suffered,da,c4b039a37d0b7
B1,Sistemul verbal: lexic verbal extins,ktara7,a sugera,he suggested,da,c06360b98c9e7
B1,"Teme abstracte: societate, politică, economie",harrab,a introduce ilegal; a face contrabandă,he smuggled,da,cd7550dd26ca2
B1,Sistemul verbal: lexic verbal extins,waffar,a furniza,he supplied,da,ccff7e18b9ee7
B1,Sistemul verbal: lexic verbal extins,5ala3,a smulge,he snatched,da,cd1271bbc6bc1
B1,Sistemul verbal: lexic verbal extins,da3am,a susține,he supported,da,c474cb79b51ca
B1,Sistemul verbal: lexic verbal extins,ftarad,a presupune,he supposed,da,c20c26cff472d
B1,Sistemul verbal: lexic verbal extins,sha55ar,a sforăi,he snored,da,cd034a6bf0ec9
B1,Sistemul verbal: lexic verbal extins,feja2,a surprinde,he surprised,da,c60cc738bfa4c
B1,Sistemul verbal: lexic verbal extins,7al,a rezolva,he solved,da,c2b718f6951a1
B1,Sistemul verbal: lexic verbal extins,bala3,a înghiți,he swallowed,da,ce985b0a76cf1
B1,Sistemul verbal: lexic verbal extins,sab,a înjura,he swore,da,c98b329b1d3e7
B1,Sistemul verbal: lexic verbal extins,baram,a se întoarce,he turned around,da,c9e45aa10026f
B1,Sistemul verbal: lexic verbal extins,2alab,a schimba,he switched,da,cc1925ed295c4
B1,Sistemul verbal: lexic verbal extins,ramaz,a simboliza,he symbolized,da,cc01e6d53a6ae
B1,Sistemul verbal: lexic verbal extins,fakk,a dezlega,he untied,da,cab605a0a577f
B1,Sistemul verbal: lexic verbal extins,5azza2,a rupe,he tore,da,c13ea99cf6639
B1,Sistemul verbal: lexic verbal extins,sta3mal,a folosi,he used,da,ccc390b267361
B1,Sistemul verbal: lexic verbal extins,t3awwad,a se obișnui,he got used to,da,cedc46edf3cc0
B1,Sistemul verbal: lexic verbal extins,fed,a fi de folos,he was useful,da,caa062099c9ad
B1,Sistemul verbal: lexic verbal extins,5arrab,a vandaliza,he vandalized,da,cd483f9f04fab
B1,Sistemul verbal: lexic verbal extins,7a22a2,a verifica,he verified,da,c498f44e1fbf5
B1,Sistemul verbal: lexic verbal extins,shadd,a strânge,he tightened,da,c5b0d8a047c59
B1,Sistemul verbal: lexic verbal extins,t7ammal,a tolera,he tolerated,da,cef456d8bfb9e
B1,Sistemul verbal: lexic verbal extins,nabbih,a avertiza,he warned,da,c090e30a51676
B1,"Teme abstracte: societate, politică, economie",3azzab,a tortura,he tortured,da,cbcf897754baf
B1,Sistemul verbal: lexic verbal extins,da2ar,a atinge,he touched,da,cc9c28c24c2d2
B1,Sistemul verbal: lexic verbal extins,tarjam,a traduce,he translated,da,c8abf34692fb0
B1,Sistemul verbal: lexic verbal extins,3aamal,a trata pe cineva; a se purta cu,he treated,da,c023f8e24555f
B1,Sistemul verbal: lexic verbal extins,farkash,a se împiedica,he tripped,da,cbc92377a7213
B1,Sistemul verbal: lexic verbal extins,hamm,a îngrijora,he troubled,da,c935046bba381
B1,Sistemul verbal: lexic verbal extins,ball,a uda,he wet,da,c82f6f29b822c
B1,Sistemul verbal: lexic verbal extins,wasa2,a avea încredere,he trusted,da,c1c1188ca3262
B1,Sistemul verbal: lexic verbal extins,washwash,a șopti,he whispered,da,c3cb7daeca5c5
B1,Sistemul verbal: lexic verbal extins,bayyad,a albi,he whitened,da,cb95673253bfb
B1,Sistemul verbal: lexic verbal extins,wassa3,a lărgi,he widened,da,c49ff9c622000
B1,Sistemul verbal: lexic verbal extins,ghamaz,a face cu ochiul,he winked,da,cbb92826b706e
B1,Sistemul verbal: lexic verbal extins,laff,a înfășura,he wrapped,da,c151d60621891
B1,Sistemul verbal: lexic verbal extins,ttewab,a căsca,he yawned,da,c9ee3af0d6e26
B1,"Teme abstracte: societate, politică, economie",baree2,inocent,innocent,da,x42d91b7943fb
B1,Rădăcini & derivare,KuTuB,Cărți,Books,da,xc230c3b32945
B1,Rădăcini & derivare,MaKTuB,"el este scris, ceva scris, destin, scrisoare etc",written; something written; fate; letter,da,xc5716cad9a38
B1,Rădăcini & derivare,KeeTeB,Scriitor/ am scris deja/ ai scris deja -(mas)/ el a scris deja,Writer / have already written (m.) / he has already written,da,x55d0716ac6e1
B1,Rădăcini & derivare,MaKTaBe,Librărie/ Bibliotecă,Bookshop / library,da,x4d7adad5ac1b
B1,Rădăcini & derivare,MaLiK,rege,king,da,x5ef429d91b2d
B1,Rădăcini & derivare,MaMLaKe,regat,kingdom,da,x6b2803991932
B1,Rădăcini & derivare,MeLeK,avere,property / wealth,da,xefb7f6d5269c
B1,Rădăcini & derivare,MaLiKe,regina,queen,da,x9c12dc7308cd
B1,Rădăcini & derivare,MaLeeK,inger,angel,da,x46f33585b5ad
B1,Rădăcini & derivare,MaMLuK,owned/sclav,owned / slave,da,x9f4ce957c2a0
B1,Participii & pasiv,Raaye7 3a-ggym,Mă duc la sală (vorbitor masculin),I'm going to the gym (male speaker),da,x047460c0ab68
B1,Participii & pasiv,3aalem,savant,scholar,da,x087d09ad7757
B1,Participii & pasiv,keeteb,scriitor / a scris deja (masculin),writer / has already written (m.),da,xb469719df171
B1,Participii & pasiv,ekel,a mâncat deja (masculin),has already eaten (m.),da,xa832a6dca9a7
B1,Participii & pasiv,deres,a învățat deja (masculin),has already studied (m.),da,x5ac482dabd6f
B1,Participii & pasiv,shereb,a băut deja (masculin),has already drunk (m.),da,x903ae4cd71c6
B1,Participii & pasiv,Ana eekel,AKL · eu · participiu,I have (already) eaten,da,x95ada763031b
B1,Participii & pasiv,enta eekel,AKL · tu (masculin) · participiu,You (m.) have (already) eaten,da,xafe73bc2e1e5
B1,Participii & pasiv,ente eekle,AKL · tu (feminin) · participiu,You (f.) have (already) eaten,da,x90bcb6025dfa
B1,Participii & pasiv,huwwe eekel,AKL · el · participiu,He has (already) eaten,da,x5339bc8e3570
B1,Participii & pasiv,hiyye eekle,AKL · ea · participiu,She has (already) eaten,da,x302acf222109
B1,Participii & pasiv,ne7na ekliin,AKL · noi · participiu,We have (already) eaten,da,xbceb79e38804
B1,Participii & pasiv,ento ekliin,AKL · voi · participiu,You (pl.) have (already) eaten,da,x55ef70b6bfac
B1,Participii & pasiv,Hinne ekliin,AKL · ei / ele · participiu,They have (already) eaten,da,x1afa23619640
B1,Participii & pasiv,Ana 7eke,7ki/7ke · eu · participiu,I have (already) spoken,da,x84d162bf47e5
B1,Participii & pasiv,enta 7eke,7ki/7ke · tu (masculin) · participiu,You (m.) have (already) spoken,da,x26b317f560fe
B1,Participii & pasiv,ente 7ekye,7ki/7ke · tu (feminin) · participiu,You (f.) have (already) spoken,da,x65e75b783c63
B1,Participii & pasiv,huwwe 7eke,7ki/7ke · el · participiu,He has (already) spoken,da,xddddf772aa55
B1,Participii & pasiv,hiyye 7ekye,7ki/7ke · ea · participiu,She has (already) spoken,da,x7e95983d2bda
B1,Participii & pasiv,ne7na 7ekyiin,7ki/7ke · noi · participiu,We have (already) spoken,da,xfea74cbbff60
B1,Participii & pasiv,ento 7ekyiin,7ki/7ke · voi · participiu,You (pl.) have (already) spoken,da,x8c91b2dde6c4
B1,Participii & pasiv,Hinne 7ekyiin,7ki/7ke · ei / ele · participiu,They have (already) spoken,da,x1f17c722d627
B1,Participii & pasiv,Ana Mtalfan,TLFN · eu · participiu,I have (already) phoned,da,x836ed1997668
B1,Participii & pasiv,enta Mtalfan,TLFN · tu (masculin) · participiu,You (m.) have (already) phoned,da,x69d948a3f786
B1,Participii & pasiv,ente Mtalfne,TLFN · tu (feminin) · participiu,You (f.) have (already) phoned,da,x22984ebabe36
B1,Participii & pasiv,huwwe Mtalfan,TLFN · el · participiu,He has (already) phoned,da,xe103c7359eb4
B1,Participii & pasiv,hiyye mtalfne,TLFN · ea · participiu,She has (already) phoned,da,xd2305ba84551
B1,Participii & pasiv,ne7na mtalfniin,TLFN · noi · participiu,We have (already) phoned,da,x47665a6ba00f
B1,Participii & pasiv,ento mtalfniin,TLFN · voi · participiu,You (pl.) have (already) phoned,da,x6169919d949b
B1,Participii & pasiv,Hinne mtalfniin,TLFN · ei / ele · participiu,They have (already) phoned,da,x98da091eb53e
B1,Participii & pasiv,Ana she8el,SHT8L · eu · participiu,I have (already) worked,da,x0e943c08c212
B1,Participii & pasiv,enta she8el,SHT8L · tu (masculin) · participiu,You (m.) have (already) worked,da,x6e17758b3fe7
B1,Participii & pasiv,ente she8le,SHT8L · tu (feminin) · participiu,You (f.) have (already) worked,da,x89b773891866
B1,Participii & pasiv,huwwe she8el,SHT8L · el · participiu,He has (already) worked,da,x45c3fd1ce8f6
B1,Participii & pasiv,hiyye she8le,SHT8L · ea · participiu,She has (already) worked,da,x1b4e6e7049b6
B1,Participii & pasiv,ne7na she8liin,SHT8L · noi · participiu,We have (already) worked,da,x0555354de95c
B1,Participii & pasiv,ento she8liin,SHT8L · voi · participiu,You (pl.) have (already) worked,da,x37fdd2f62234
B1,Participii & pasiv,Hinne she8liin,SHT8L · ei / ele · participiu,They have (already) worked,da,x8ced933ad482
B1,Participii & pasiv,Ana 3ate,3TI · eu · participiu,I have (already) given,da,x8f09002c7c4d
B1,Participii & pasiv,enta 3ate,3TI · tu (masculin) · participiu,You (m.) have (already) given,da,xd0a17e7ad057
B1,Participii & pasiv,ente 3atye,3TI · tu (feminin) · participiu,You (f.) have (already) given,da,xef58c5febab4
B1,Participii & pasiv,huwwe 3ate,3TI · el · participiu,He has (already) given,da,x5ecc6da51f2b
B1,Participii & pasiv,hiyye 3atye,3TI · ea · participiu,She has (already) given,da,xda3e3add6f6c
B1,Participii & pasiv,ne7na 3atyiin,3TI · noi · participiu,We have (already) given,da,x267bd0e3a98a
B1,Participii & pasiv,ento 3atyiin,3TI · voi · participiu,You (pl.) have (already) given,da,xedb87473f600
B1,Participii & pasiv,Hinne 3atyiin,3TI · ei / ele · participiu,They have (already) given,da,xadcddb9f011b
B1,Participii & pasiv,Ana 2ayel,2EL/2UL · eu · participiu,I have (already) said,da,xb3508e2fa654
B1,Participii & pasiv,enta 2ayel,2EL/2UL · tu (masculin) · participiu,You (m.) have (already) said,da,x5ace24c3473e
B1,Participii & pasiv,ente 2ayle,2EL/2UL · tu (feminin) · participiu,You (f.) have (already) said,da,xa1a3b4820ca4
B1,Participii & pasiv,huwwe 2ayel,2EL/2UL · el · participiu,He has (already) said,da,xfaa7ed6e1a26
B1,Participii & pasiv,hiyye 2ayle,2EL/2UL · ea · participiu,She has (already) said,da,xd79825541170
B1,Participii & pasiv,ne7na 2ayliin,2EL/2UL · noi · participiu,We have (already) said,da,x387fd43e3f4e
B1,Participii & pasiv,ento 2ayliin,2EL/2UL · voi · participiu,You (pl.) have (already) said,da,xba2c38fb1b01
B1,Participii & pasiv,Hinne 2ayliin,2EL/2UL · ei / ele · participiu,They have (already) said,da,xe0078183fc6c
B1,Participii & pasiv,Ana deres,DRS · eu · participiu,I have (already) studied,da,x1581ed0e41af
B1,Participii & pasiv,enta deres,DRS · tu (masculin) · participiu,You (m.) have (already) studied,da,xd8f168638af7
B1,Participii & pasiv,ente derse,DRS · tu (feminin) · participiu,You (f.) have (already) studied,da,x797bd8ae87f4
B1,Participii & pasiv,huwwe deres,DRS · el · participiu,He has (already) studied,da,xdfc0c2b4b9af
B1,Participii & pasiv,hiyye derse,DRS · ea · participiu,She has (already) studied,da,xe98ce961ebba
B1,Participii & pasiv,ne7na dersiin,DRS · noi · participiu,We have (already) studied,da,xa03ef5a60be6
B1,Participii & pasiv,ento dersiin,DRS · voi · participiu,You (pl.) have (already) studied,da,xb5017cac10b3
B1,Participii & pasiv,Hinne dersiin,DRS · ei / ele · participiu,They have (already) studied,da,xd3d26e0aad41
B1,Participii & pasiv,Ana 3eref,3RF · eu · participiu,I have (already) known,da,x74971282938a
B1,Participii & pasiv,enta 3eref,3RF · tu (masculin) · participiu,You (m.) have (already) known,da,xa409d634e65c
B1,Participii & pasiv,ente 3erfe,3RF · tu (feminin) · participiu,You (f.) have (already) known,da,xed8a99cda693
B1,Participii & pasiv,huwwe 3eref,3RF · el · participiu,He has (already) known,da,x7a24e742e28b
B1,Participii & pasiv,hiyye 3erfe,3RF · ea · participiu,She has (already) known,da,x1b9855a81253
B1,Participii & pasiv,ne7na 3erfiin,3RF · noi · participiu,We have (already) known,da,x1b1397d1a41c
B1,Participii & pasiv,ento 3erfiin,3RF · voi · participiu,You (pl.) have (already) known,da,x59e6c6219707
B1,Participii & pasiv,Hinne 3erfiin,3RF · ei / ele · participiu,They have (already) known,da,x32d5c05f429f
B1,Participii & pasiv,Ana 3emel,3ML · eu · participiu,I have (already) done,da,x10aae690762f
B1,Participii & pasiv,enta 3emel,3ML · tu (masculin) · participiu,You (m.) have (already) done,da,xace5744469a2
B1,Participii & pasiv,ente 3emle,3ML · tu (feminin) · participiu,You (f.) have (already) done,da,x77dbc0dc1a8b
B1,Participii & pasiv,huwwe 3emel,3ML · el · participiu,He has (already) done,da,x1a098bc7f710
B1,Participii & pasiv,hiyye 3emle,3ML · ea · participiu,She has (already) done,da,xfc650f4f34a7
B1,Participii & pasiv,ne7na 3emliin,3ML · noi · participiu,We have (already) done,da,xdc9da7ea2c02
B1,Participii & pasiv,ento 3emliin,3ML · voi · participiu,You (pl.) have (already) done,da,xcad914eab41a
B1,Participii & pasiv,Hinne 3emliin,3ML · ei / ele · participiu,They have (already) done,da,x6930ba100482
B1,Participii & pasiv,Ana msewe,SWE · eu · participiu,I have (already) made,da,x1573755aa072
B1,Participii & pasiv,enta msewe,SWE · tu (masculin) · participiu,You (m.) have (already) made,da,x3027397989b8
B1,Participii & pasiv,ente mseweye,SWE · tu (feminin) · participiu,You (f.) have (already) made,da,x084754be8e00
B1,Participii & pasiv,huwwe msewe,SWE · el · participiu,He has (already) made,da,xa2e76af027ca
B1,Participii & pasiv,hiyye mseweye,SWE · ea · participiu,She has (already) made,da,x0d48eaf7dd9a
B1,Participii & pasiv,ne7na msewyeen,SWE · noi · participiu,We have (already) made,da,x246f67bfd625
B1,Participii & pasiv,ento msewyeen,SWE · voi · participiu,You (pl.) have (already) made,da,xa7128a994854
B1,Participii & pasiv,Hinne msewyeen,SWE · ei / ele · participiu,They have (already) made,da,xec3a50091182
B1,Participii & pasiv,Hiyye ray7a 3al madrase,Ea merge la școală,She's going to school,da,x1d700f36ad0e
B1,Participii & pasiv,Ne7na ray7iin 3al madrase,Noi mergem la școală,We're going to school,da,x92725a6b0924
B1,Participii & pasiv,Ana raye7 3al maktabe,Merg la bibliotecă (vorbitor masculin),I'm going to the library (male speaker),da,xfa01a4e45ab7
B1,"Teme abstracte: societate, politică, economie",2anuun,"lege, regulă","law, rule",da,x3d732962be0b
B1,"Teme abstracte: societate, politică, economie",2a3de,regulă,rule,da,x197078213c48
B1,"Teme abstracte: societate, politică, economie",7a2,drept,right (entitlement),da,x48d1c3f3ddff
B1,"Teme abstracte: societate, politică, economie",wejeb,"datorie, obligație","duty, obligation",da,x4694f50fd705
B1,Condiționalul ireal (law),law,dacă (ipotetic),if (hypothetical),da,x7a07299f8518
